,,,,
ลำดับ,ชื่อขนมไทย,ราคา,รูปประกอบ,ลิ้งค์,จำนวนคงเหลือ
1,ยังเกอร์ฟาร์ม กราโนล่าธัญพืชอบกรอบรสสตรอเบอร์รี่และผลไม้ 200 g.,65.00,https://encrypted-tbn0.gstatic.com/images?q=tbn:ANd9GcSRH-_DHkf8SlIml6ONm7tVELZjBIvzCqovgjrOeE2jQw&s=10,https://www.youngerfarm.com/category/112/granola,0
2,ยังเกอร์ฟาร์ม กราโนล่าธัญพืชอบกรอบรสคาราเมล 200 g.,89.00,https://encrypted-tbn0.gstatic.com/images?q=tbn:ANd9GcSBo-XV39dQS8xC6BoqSnjkfdjAgT6CKIpu8x37k1z5Yg&s=10,https://www.youngerfarm.com/product/40287-50941/younger-farm-%E0%B8%81%E0%B8%A3%E0%B8%B2%E0%B9%82%E0%B8%99%E0%B8%A5%E0%B9%88%E0%B8%B2-%E0%B8%98%E0%B8%B1%E0%B8%8D%E0%B8%9E%E0%B8%B7%E0%B8%8A%E0%B8%AD%E0%B8%9A%E0%B8%81%E0%B8%A3%E0%B8%AD%E0%B8%9A-%E0%B8%A3%E0%B8%AA%E0%B8%84%E0%B8%B2%E0%B8%A3%E0%B8%B2%E0%B9%80%E0%B8%A1%E0%B8%A5-%E0%B8%AD%E0%B8%B1%E0%B8%A5%E0%B8%A1%E0%B8%AD%E0%B8%99%E0%B8%94%E0%B9%8C-200-%E0%B8%81%E0%B8%A3%E0%B8%B1%E0%B8%A1-granola-caramel-almond-200-g,0
3,ยังเกอร์ฟาร์ม กราโนล่าธัญพืชอบกรอบรสชาเขียว 200 g.,130,https://encrypted-tbn0.gstatic.com/images?q=tbn:ANd9GcQ93_VUPOd7H8PRWwp5UigKFYzKf34nz5L-SNa99FskRA&s=10,https://www.youngerfarm.com/category/112/granola,0
4,ยังเกอร์ฟาร์ม กราโนล่าธัญพืชอบกรอบรสชาเออเกรย์ 200 g.,130,https://encrypted-tbn0.gstatic.com/images?q=tbn:ANd9GcQ93_VUPOd7H8PRWwp5UigKFYzKf34nz5L-SNa99FskRA&s=10,https://www.organicpavilion.com/products/younger-farm-younger-farm-granola-11-200g-225g?srsltid=AfmBOoo2C6bQenPRAoILUgyQCtTBpj8rHoKDi-SbmhyNmxtJQ4fgd04T,0
5,ฟาร์มรัก วาฟเฟิลกะทิอบกรอบผสมข้าวไรซ์เบอร์รี่ 20 g.,45.00,https://encrypted-tbn0.gstatic.com/images?q=tbn:ANd9GcQ889qlyUQ9xbOjuTRZ-wCbETNC_60wHiCbyeyMNDrAHQ&s=10,https://shop.line.me/@352rkecr/product/1003109679,0
6,ฟาร์มรัก วาฟเฟิลอัลมอนด์อบกรอบ สูตรโปรตีนสูง 20 g.,35.00,https://encrypted-tbn0.gstatic.com/images?q=tbn:ANd9GcTqjuWhVHbANWSZTnWP_Gs7cyouxsixO-NxiWmmEfAI2Q&s,https://www.facebook.com/100076416902547/posts/farmrak-%E0%B8%9F%E0%B8%B2%E0%B8%A3%E0%B9%8C%E0%B8%A1%E0%B8%A3%E0%B8%B1%E0%B8%81-%E0%B8%A7%E0%B8%B2%E0%B8%9F%E0%B9%80%E0%B8%9F%E0%B8%B4%E0%B8%A5%E0%B8%AD%E0%B8%9A%E0%B8%81%E0%B8%A3%E0%B8%AD%E0%B8%9A-%E0%B8%A7%E0%B8%B2%E0%B8%9F%E0%B9%80%E0%B8%9F%E0%B8%B4%E0%B8%A5%E0%B8%AD%E0%B8%B1%E0%B8%A5%E0%B8%A1%E0%B8%AD%E0%B8%99%E0%B8%94%E0%B9%8C-%E0%B9%81%E0%B8%A5%E0%B8%B0-%E0%B8%A7%E0%B8%B2%E0%B8%9F%E0%B9%80%E0%B8%9F%E0%B8%B4%E0%B8%A5%E0%B8%82%E0%B9%89%E0%B8%B2%E0%B8%A7%E0%B9%84%E0%B8%A3%E0%B8%8B%E0%B9%8C%E0%B9%80%E0%B8%9A%E0%B8%AD%E0%B8%A3%E0%B9%8C%E0%B8%A3%E0%B8%B5%E0%B9%88%E0%B9%82%E0%B8%9B%E0%B8%A3%E0%B8%95%E0%B8%B5%E0%B8%99/966430522580836/,0
7,ล้านนาวัลเล่ย์ ข้าวอบกรอบ ออริจินัล 100 g.,59.00,https://encrypted-tbn0.gstatic.com/images?q=tbn:ANd9GcRcFWv_McQySCFP9DR2UiXghaPm4qIAjVjr-kvbhagx-Q&s,https://www.tops.co.th/th/lanna-valley-organic-toasted-brown-rice-crackers-original-100g-8856848001172,0
8,โอ๊ตและอัลมอนด์อบกรอบ รสทรัฟเฟิล 30 g.,89.00,https://encrypted-tbn0.gstatic.com/images?q=tbn:ANd9GcR_DrV8-E5YIOdjYY1yHcclUhoy6UmB-WdGOffv237oAg&s=10,https://shopee.co.th/The-Real-Clean-Snacks-%E0%B9%82%E0%B8%AD%E0%B9%8A%E0%B8%95%E0%B9%81%E0%B8%A5%E0%B8%B0%E0%B8%AD%E0%B8%B1%E0%B8%A5%E0%B8%A1%E0%B8%AD%E0%B8%99%E0%B8%94%E0%B9%8C%E0%B8%AD%E0%B8%9A%E0%B8%81%E0%B8%A3%E0%B8%AD%E0%B8%9A-%E0%B8%A3%E0%B8%AA%E0%B8%97%E0%B8%A3%E0%B8%B1%E0%B8%9F%E0%B9%80%E0%B8%9F%E0%B8%B4%E0%B8%A5-Superskinny-Oat-Almond-Crisps-Truffle-(30-g)-i.120313821.22919517165,0
9,ลิลลี่ น้ำมังคุดผสมลิ้นจี่ สกัดเข้มข้น 100% 250 ml.,347,https://encrypted-tbn0.gstatic.com/images?q=tbn:ANd9GcTYnAMmqdndXZ4o4ey4-nvctpROGzXjy-IgdhrBQAfW6g&s=10,https://shopee.co.th/lilyfresh,0
10,แคลส์ คุกกี้กรอบรสช็อกโกบานานา 40 g.,49.00,https://encrypted-tbn0.gstatic.com/images?q=tbn:ANd9GcTj2lCl1EgAiQPqAqRFld7yP1RYKMXS6uwtU83WDc4vRw&s,https://www.tops.co.th/th/tongtin-kals-choco-banana-crispy-cookies-40g-8857127769202,0
11,แคลส์ คุกกี้กรอบรสมอคค่าอัลมอนด์ 40 g.,49.00,https://encrypted-tbn0.gstatic.com/images?q=tbn:ANd9GcQUP2Y1KQCGRDdN5C5ekJxhwYVjc_FLa2VSKLHU08xkXA&s,https://www.tops.co.th/th/tongtin-kals-mocha-almond-crispy-cookies-40g-8857127769196,0
12,ทีเทรน ชากลิ่นเลมอน 37.5 g.,60.00,https://encrypted-tbn0.gstatic.com/images?q=tbn:ANd9GcRF9DW8f3LYmVx0SRq2Kh9ahN3w6xG5eayLo_5KJvTk2A&s=10,https://www.tops.co.th/th/tea-trends-lemon-tea-25-bags-375g-9378619200038,0
13,ครัฟ มันหวานผสมเผือกทอดอบกรอบ 28 g.,55.00,https://encrypted-tbn0.gstatic.com/images?q=tbn:ANd9GcS8h5ys9qNaYVNEyrCwlG1oshMyQ65KtpOPrhSeLX1TuA&s,https://www.tops.co.th/th/cruff-premium-mixed-roots-chips-signature-black-truffle-28g-8856307836109,0
14,ช็อกโกเรโซ เมล็ดกาแฟเคลือบช็อกโกแลต 30 g.,45.00,https://encrypted-tbn0.gstatic.com/images?q=tbn:ANd9GcQeqoxM2E8Ea76CKMP-OsnUqRRjqncaGvkKLstS5Aci3A&s=10,https://shopee.co.th/%E0%B8%8A%E0%B9%87%E0%B8%AD%E0%B8%84%E0%B9%82%E0%B8%81%E0%B9%81%E0%B8%A5%E0%B8%95%E0%B9%80%E0%B8%84%E0%B8%A5%E0%B8%B7%E0%B8%AD%E0%B8%9A%E0%B9%80%E0%B8%A1%E0%B8%A5%E0%B9%87%E0%B8%94%E0%B8%81%E0%B8%B2%E0%B9%81%E0%B8%9F%E0%B8%AD%E0%B8%B2%E0%B8%A3%E0%B8%B2%E0%B8%9A%E0%B8%B4%E0%B8%81%E0%B9%89%E0%B8%B2-(Chocoreso-Original)-i.318722783.8282579139,0
15,ช็อกโกเรโซ มะม่วงหิมพานต์เคลือบกาแฟ 20 g.,45.00,https://encrypted-tbn0.gstatic.com/images?q=tbn:ANd9GcSsXDsipDlc1Al6RGr8RE9jLegMCRJF8WnO1da-lTei3Q&s=10,https://shopee.co.th/%E0%B9%80%E0%B8%A1%E0%B9%87%E0%B8%94%E0%B8%A1%E0%B8%B0%E0%B8%A1%E0%B9%88%E0%B8%A7%E0%B8%87%E0%B8%AB%E0%B8%B4%E0%B8%A1%E0%B8%9E%E0%B8%B2%E0%B8%99%E0%B8%95%E0%B9%8C%E0%B9%80%E0%B8%84%E0%B8%A5%E0%B8%B7%E0%B8%AD%E0%B8%9A%E0%B8%81%E0%B8%B2%E0%B9%81%E0%B8%9F-(Chocoreso-Cashews-Covered-Coffee)-i.318722783.21460696015,0
16,ช็อกโกเรโซ เมล็ดกาแฟเคลือบชาเขียว 20 g.,45.00,https://encrypted-tbn0.gstatic.com/images?q=tbn:ANd9GcRuZ3bVW902bX4WeQvqv1DHYm975i-ZWTUx9LcX0yE-rA&s=10,https://www.facebook.com/chocoreso/posts/%F0%9D%90%89%F0%9D%90%9A%F0%9D%90%A9%F0%9D%90%9A%F0%9D%90%A7%F0%9D%90%9E%F0%9D%90%AC%F0%9D%90%9E-%F0%9D%90%8C%F0%9D%90%9A%F0%9D%90%AD%F0%9D%90%9C%F0%9D%90%A1%F0%9D%90%9A-%E0%B8%8A%E0%B8%B2%E0%B9%80%E0%B8%82%E0%B8%B5%E0%B8%A2%E0%B8%A7%E0%B9%80%E0%B8%84%E0%B8%A5%E0%B8%B7%E0%B8%AD%E0%B8%9A%E0%B9%80%E0%B8%A1%E0%B8%A5%E0%B9%87%E0%B8%94%E0%B8%81%E0%B8%B2%E0%B9%81%E0%B8%9F-%E0%B8%84%E0%B8%A7%E0%B8%B2%E0%B8%A1%E0%B8%AB%E0%B8%AD%E0%B8%A1%E0%B8%82%E0%B8%AD%E0%B8%87%E0%B8%8A%E0%B8%B2%E0%B9%80%E0%B8%82%E0%B8%B5%E0%B8%A2%E0%B8%A7%E0%B8%8D%E0%B8%B5%E0%B9%88%E0%B8%9B%E0%B8%B8%E0%B9%88%E0%B8%99-%E0%B8%84%E0%B8%A7%E0%B8%B2%E0%B8%A1%E0%B8%81%E0%B8%A3%E0%B8%B8%E0%B8%9A%E0%B8%82%E0%B8%AD%E0%B8%87%E0%B9%80%E0%B8%A1%E0%B8%A5%E0%B9%87%E0%B8%94/718790604119472/,0
17,แคลส์ คุกกี้กรอบรสช็อกโกบานานา 40 g.,49.00,https://encrypted-tbn0.gstatic.com/images?q=tbn:ANd9GcTj2lCl1EgAiQPqAqRFld7yP1RYKMXS6uwtU83WDc4vRw&s,https://www.tops.co.th/th/tongtin-kals-choco-banana-crispy-cookies-40g-8857127769202,0
18,ฟรีโอ คุกกี้สอดไส้ครีมรสวนิลา 65 g. (สีแดง),17.00,https://encrypted-tbn0.gstatic.com/images?q=tbn:ANd9GcQGaUAblKCEtFlwgwA_sr2T0lFC6xwuBdJSR1Jb8fZnyw&s=10,https://www.lotuss.com/th/product/75559042?srsltid=AfmBOorixmk_wI4sTtCuczZepcMA9Wnvx9ErN9f8pv5jul87ROuXX6uN,0
19,ฟรีโอ คุกกี้สอดไส้ครีมรสช็อกโกแลต 65 g. (สีน้ำเงิน),20.00,https://encrypted-tbn0.gstatic.com/images?q=tbn:ANd9GcROwVI6-OA3LpDGOfLtsBqoqVMjYXhJRLplGbI4QT95bA&s=10,https://www.lotuss.com/th/product/75559039?srsltid=AfmBOoqU2C8MqeZHOIhAkW-u6Ok8mSVMtF9b9Tf5Hz2qwhPrnJJyqNwW,0
20,ไบโอเอเชีย แครกเกอร์ข้าวกล้องหอมมะลิผสมเมล็ดเซียออร์แกนิค 115 g.,95.00,https://encrypted-tbn0.gstatic.com/images?q=tbn:ANd9GcTYzFL4EVGaoV8HyNWPlzuoUxHZp5VIHexop5yVfStOcw&s,https://shop.lemonfarm.com/products/bioasia-organic-brown-rice-cracker-with-chia-seeds-115g?srsltid=AfmBOooHZ0uN8Pd3dLfKDSOXVShM3xG-eAUefPDDitUWlnPfpVRKY-e8,0
21,ไบท์มี ข้าวกล้องหอมมะลิอบกรอบออแกนิกรสซาวครีม 70 g.,69.00,https://encrypted-tbn0.gstatic.com/images?q=tbn:ANd9GcR_TFqmfMJI03Qzunz15WY1PfzDPGgLjS0yaT0JWXE3RQ&s,https://www.facebook.com/BaiMiangHealthyShop/photos/%E0%B9%84%E0%B8%9A%E0%B8%97%E0%B9%8C%E0%B8%A1%E0%B8%B5-%E0%B8%82%E0%B9%89%E0%B8%B2%E0%B8%A7%E0%B8%81%E0%B8%A5%E0%B9%89%E0%B8%AD%E0%B8%87%E0%B8%AB%E0%B8%AD%E0%B8%A1%E0%B8%A1%E0%B8%B0%E0%B8%A5%E0%B8%B4%E0%B8%AD%E0%B8%AD%E0%B8%A3%E0%B9%8C%E0%B9%81%E0%B8%81%E0%B8%99%E0%B8%B4%E0%B8%81%E0%B9%81%E0%B8%9C%E0%B9%88%E0%B8%99%E0%B8%81%E0%B8%A3%E0%B8%AD%E0%B8%9A-biteme-organic-rice-cake-%E0%B8%A3%E0%B8%AA%E0%B8%97%E0%B8%B2%E0%B8%A1%E0%B8%B2%E0%B8%A3%E0%B8%B4-%E0%B8%8B%E0%B8%AD%E0%B8%AA%E0%B8%8D%E0%B8%B5/611228199043090/,0
22,โจป๊อปคอร์น รสคาราเมล 38 g. (แบบซอง),60.00,https://encrypted-tbn0.gstatic.com/images?q=tbn:ANd9GcRwvHmM0wCfH64ikU1aWoG0wkbigDs3sNiWCsUZErkByA&s=10,https://shopee.co.th/%E0%B9%82%E0%B8%88-%E0%B8%9B%E0%B9%87%E0%B8%AD%E0%B8%9B%E0%B8%84%E0%B8%AD%E0%B8%A3%E0%B9%8C%E0%B8%99%E0%B8%84%E0%B8%B2%E0%B8%A3%E0%B8%B2%E0%B9%80%E0%B8%A1%E0%B8%A5%E0%B8%AD%E0%B8%B1%E0%B8%A5%E0%B8%A1%E0%B8%AD%E0%B8%99%E0%B8%94%E0%B9%8C-Joe%E2%80%99s-Popcorn-Gourmet-Almond-Caramel-38g.-i.1752464380.50859529725,0
23,โจป๊อปคอร์น รสอิตาเลียนทรัฟเฟิล 38 g. (แบบซอง),95.00,https://encrypted-tbn0.gstatic.com/images?q=tbn:ANd9GcRhvmCCZ_aZaxuVnvg8TIyMmPX-hjgpR6u6O1iXvOcVrA&s=10,https://shopee.co.th/%E0%B9%82%E0%B8%88%E0%B8%9B%E0%B9%8A%E0%B8%AD%E0%B8%9B%E0%B8%84%E0%B8%AD%E0%B8%A3%E0%B9%8C%E0%B8%99-Joe's-Popcorn-%E0%B8%82%E0%B9%89%E0%B8%B2%E0%B8%A7%E0%B9%82%E0%B8%9E%E0%B8%94%E0%B8%AD%E0%B8%9A%E0%B8%81%E0%B8%A3%E0%B8%AD%E0%B8%9A-%E0%B9%81%E0%B8%9A%E0%B8%9A%E0%B8%81%E0%B8%A3%E0%B8%B0%E0%B8%9B%E0%B8%B8%E0%B8%81-50-%E0%B8%81%E0%B8%A3%E0%B8%B1%E0%B8%A1-%E0%B8%A3%E0%B8%AA%E0%B8%97%E0%B8%A3%E0%B8%B1%E0%B8%9F%E0%B9%80%E0%B8%9F%E0%B8%B4%E0%B8%A5-i.233535148.21901725108,0
24,โจป๊อปคอร์น รสเฮเซลนัท 60 g.,120,https://encrypted-tbn0.gstatic.com/images?q=tbn:ANd9GcSR7E2ADC-XY0H52uaJOxrweVD2PqJVE0LYHYVLtZrjpQ&s,https://shopee.co.th/joespopcorn,0
25,โจป๊อบคอร์น สกินนี่ รสกลิ่นเห็ดทรัเฟเฟิลและน้ำมันมะกอก 30 g.,59,https://encrypted-tbn0.gstatic.com/images?q=tbn:ANd9GcQZUzpRqkpF3yichwgVSUxDZd6WgsDOaYgcr4HocvghQQ&s=10,https://shopee.co.th/joespopcorn,0
26,โจป๊อปคอร์น รสอิตาเลียนทรัฟเฟิล 38 g.,95.00,https://encrypted-tbn0.gstatic.com/images?q=tbn:ANd9GcRwvHmM0wCfH64ikU1aWoG0wkbigDs3sNiWCsUZErkByA&s=10,https://shopee.co.th/%E0%B9%82%E0%B8%88%E0%B8%9B%E0%B9%8A%E0%B8%AD%E0%B8%9B%E0%B8%84%E0%B8%AD%E0%B8%A3%E0%B9%8C%E0%B8%99-Joe's-Popcorn-%E0%B8%82%E0%B9%89%E0%B8%B2%E0%B8%A7%E0%B9%82%E0%B8%9E%E0%B8%94%E0%B8%AD%E0%B8%9A%E0%B8%81%E0%B8%A3%E0%B8%AD%E0%B8%9A-%E0%B9%81%E0%B8%9A%E0%B8%9A%E0%B8%81%E0%B8%A3%E0%B8%B0%E0%B8%9B%E0%B8%B8%E0%B8%81-50-%E0%B8%81%E0%B8%A3%E0%B8%B1%E0%B8%A1-%E0%B8%A3%E0%B8%AA%E0%B8%97%E0%B8%A3%E0%B8%B1%E0%B8%9F%E0%B9%80%E0%B8%9F%E0%B8%B4%E0%B8%A5-i.233535148.21901725108,0
27,เกี่ยวข้าว ข้าวหอมมะลิอบกรอบ รสโนริสาหร่าย 25 g.,20.00,https://encrypted-tbn0.gstatic.com/images?q=tbn:ANd9GcS4drT7izmPDXZ6n0GSGl7u3oRYFNQvO9HdHy-GMX7pQg&s=10,https://www.tops.co.th/th/ohh-rice-brown-jasmine-rice-puff-seaweed-flavoured-25g-8851086013727,0
28,เบเกอร์สชอยส์แครกเกอร์ โฮลวีทอบกรอบ 172 g.,62.00,https://encrypted-tbn0.gstatic.com/images?q=tbn:ANd9GcR8ZgI1lf3Y38il2K6gRqzLpEEkWLYmSS_6i_9lF0pFpQ&s,https://www.bigc.co.th/product/imperial-baker-s-choice-whole-wheat-cream-cracker-240-g.75472?srsltid=AfmBOoobgzv9MsG2-cJC06Kz4I2pyX9eNgqxyHQ0lmgmPYRPlVZHtOXr,0
29,เบเกอร์สชอยส์ แครกเกอร์อบกรอบ ออริจินอล 172 g.,59.00,https://encrypted-tbn0.gstatic.com/images?q=tbn:ANd9GcRD0MwmxlZEHWwb5A8_uvsqu6cT1BIvo0v4s1xYCuBn6Q&s,https://www.bigc.co.th/en/product/imperial-baker-s-choice-cream-cracker-172-g.75450?srsltid=AfmBOopDHwVX2ZZTMSuQvrYxzDbQ4D_6FL1JoptFEHgEvaIe2o4oEjtb,0
30,บ้านเบล กล้วยแบกแตก รสซาวครีม ขนาด 80 g.,69.00,https://encrypted-tbn0.gstatic.com/images?q=tbn:ANd9GcS2w1pTiDtyu-fqw-ZbpDHek_vSGEAY3uXYcDSNr-ZAfg&s=10,https://www.facebook.com/p/BaanBell-Snacks-100070949881140/,0
31,อีโรส มะพร้าวกรอบ 40 g.,258.00,https://encrypted-tbn0.gstatic.com/images?q=tbn:ANd9GcRBS0aDGYTipDre2q6HGQNfPc86pkuRLIw3y-4Ips-1bQ&s=10,https://www.makro.pro/th/p/215032-7196399042755,0
32,อีโรส นัตเบอร์รี่ 60 g.,49.00,https://encrypted-tbn0.gstatic.com/images?q=tbn:ANd9GcQ6mbcXwwvmOpbwJhgJ-JPbdVueFsdZF0QwV6FZuEN3wQ&s=10,https://online.karmarts.com/new-product/baby-bright-200ml.html,0
33,จิน สัปปรดอบแห้ง 35 g.,35.00,https://encrypted-tbn0.gstatic.com/images?q=tbn:ANd9GcR2HU3OUBB85VY6ACNH4V5HEWIG3URVDSA7xCfWt1Zu3jdouyVsmD7Xm63D&s,https://www.bigc.co.th/product/gin-pineapple-dried-fruit-35-g.9819485?srsltid=AfmBOopsBxjIeYrKazT7jh-N7xtOQGsekZWggJ6KHebcj7lxjr-ouWp2,0
34,จิน มะม่วงอบแห้ง 35 g.,35.00,https://encrypted-tbn0.gstatic.com/images?q=tbn:ANd9GcRAvf6BUCN0CqCbuGc8rmCps7-LKtGI0prGDz3-yx83OvhXmnW4xIqkLmV0&s,https://www.tops.co.th/th/tongtin-gin-mango-dried-fruit-35g-8857128795064,0
35,คันนา มะม่วงอบแห้งสูตรนุ่มปรุงรส น้ำปลาหวาน27 g.,25.00,https://encrypted-tbn0.gstatic.com/images?q=tbn:ANd9GcQ2qTXkuLrxEAPnFrwlM6P7wLWRC8EWEJNDWZisNbHn0Q&s,https://shopee.co.th/%E0%B8%A1%E0%B8%B0%E0%B8%A1%E0%B9%88%E0%B8%A7%E0%B8%87%E0%B8%AD%E0%B8%9A%E0%B9%81%E0%B8%AB%E0%B9%89%E0%B8%87%E0%B9%80%E0%B8%99%E0%B8%B7%E0%B9%89%E0%B8%AD%E0%B8%97%E0%B8%AD%E0%B8%87%E0%B8%AA%E0%B8%B9%E0%B8%95%E0%B8%A3%E0%B8%99%E0%B8%B8%E0%B9%88%E0%B8%A1%E0%B8%9B%E0%B8%A3%E0%B8%B8%E0%B8%87%E0%B8%A3%E0%B8%AA%E0%B8%99%E0%B9%89%E0%B8%B3%E0%B8%9B%E0%B8%A5%E0%B8%B2%E0%B8%AB%E0%B8%A7%E0%B8%B2%E0%B8%99-27-%E0%B8%81%E0%B8%A3%E0%B8%B1%E0%B8%A1-1-%E0%B8%8B%E0%B8%AD%E0%B8%87-%E0%B9%81%E0%B8%9A%E0%B8%A3%E0%B8%99%E0%B8%94%E0%B9%8C-KUNNA-(%E0%B8%84%E0%B8%B1%E0%B8%99%E0%B8%99%E0%B8%B2)-i.79715885.3254427831,0
36,คันนา เวเฟอร์โรลสอดไส้ครีมมะพร้าว 70 g.,69.00,https://encrypted-tbn0.gstatic.com/images?q=tbn:ANd9GcRz4r6EfrelHGK3LppLYxbF8x7i9FbfC-utMSKyaCUntykFHL6XztZfIliO&s,https://shopee.co.th/%E0%B9%80%E0%B8%A7%E0%B9%80%E0%B8%9F%E0%B8%AD%E0%B8%A3%E0%B9%8C%E0%B9%82%E0%B8%A3%E0%B8%A5%E0%B8%AA%E0%B8%AD%E0%B8%94%E0%B9%84%E0%B8%AA%E0%B9%89%E0%B8%84%E0%B8%A3%E0%B8%B5%E0%B8%A1%E0%B8%A1%E0%B8%B0%E0%B8%9E%E0%B8%A3%E0%B9%89%E0%B8%B2%E0%B8%A7-70-%E0%B8%81%E0%B8%A3%E0%B8%B1%E0%B8%A1-1-%E0%B8%81%E0%B8%A5%E0%B9%88%E0%B8%AD%E0%B8%87-%E0%B9%81%E0%B8%9A%E0%B8%A3%E0%B8%99%E0%B8%94%E0%B9%8C-KUNNA-(%E0%B8%84%E0%B8%B1%E0%B8%99%E0%B8%99%E0%B8%B2)-i.79715885.1346358941,0
37,แฟรปปี้กัมมี่รสสับปะรดแพชชั่นฟรุต 40 g.,39.00,https://encrypted-tbn0.gstatic.com/images?q=tbn:ANd9GcTw-DIoGyIm0r3Upc14eMs6jpKqGueRjaatMCCGzsuGXA&s=10,https://shopee.co.th/frappygummy,0
38,นาวาตี กล้วยเส้นทรงเครื่อง รสดังเดิม 50 g.,189.00,https://encrypted-tbn0.gstatic.com/images?q=tbn:ANd9GcQD_fT9r1W7u1Dmk33Wt7asIs6VBKQt6VPmftG2bKv0rA&s=10,https://www.tops.co.th/th/nawati-seasoned-slice-banana-original-flavor-50g-8857126944112,0
39,สุธีรา ทองม้วนรสกระทิ แบบกล่อง 192g .,599,https://encrypted-tbn0.gstatic.com/images?q=tbn:ANd9GcRUPfXXeJ7Bdc0K87t4ULrMNV3_0YbAjucqsQiif5XPw_aj02366SXcPCC7&s,https://www.facebook.com/suthera.srifa/?locale=th_TH,0
40,เขาค้อ ซีเล็คชั่น สเปรดสตอเบอรี่ แคลต่ำ 200 g.,110,https://encrypted-tbn0.gstatic.com/images?q=tbn:ANd9GcRQ_Llc06dvKyw-vwEPgxY2LNLIZw5YQViWtxpCCO3lzw&s=10,https://www.facebook.com/KhaokhoSelection/photos/%E0%B9%80%E0%B8%A3%E0%B8%B4%E0%B9%88%E0%B8%A1%E0%B8%A3%E0%B8%B1%E0%B8%81%E0%B8%95%E0%B8%B1%E0%B8%A7%E0%B9%80%E0%B8%AD%E0%B8%87-%E0%B9%80%E0%B8%A3%E0%B8%B4%E0%B9%88%E0%B8%A1%E0%B8%88%E0%B8%B2%E0%B8%81%E0%B8%94%E0%B8%B9%E0%B9%81%E0%B8%A5%E0%B8%95%E0%B8%B1%E0%B8%A7%E0%B8%AA%E0%B8%B8%E0%B8%82%E0%B8%A0%E0%B8%B2%E0%B8%9E%E0%B8%87%E0%B9%88%E0%B8%B2%E0%B8%A2-%E0%B9%86-%E0%B8%97%E0%B8%B2%E0%B8%99-%E0%B8%AA%E0%B9%80%E0%B8%9B%E0%B8%A3%E0%B8%94%E0%B8%9C%E0%B8%A5%E0%B9%84%E0%B8%A1%E0%B9%89-%E0%B9%80%E0%B8%82%E0%B8%B2%E0%B8%84%E0%B9%89%E0%B8%AD%E0%B8%8B%E0%B8%B5%E0%B9%80%E0%B8%A5%E0%B9%87%E0%B8%84%E0%B8%AD%E0%B8%A3%E0%B9%88%E0%B8%AD%E0%B8%A2%E0%B8%97%E0%B8%B8%E0%B8%81%E0%B8%84%E0%B8%B3/827859353086618/,0
41,หอม กล้วยทอดกรอบ รสซาวครีมและหัวหอม 40 g.,40.00,https://encrypted-tbn0.gstatic.com/images?q=tbn:ANd9GcSYX0e-GMhcOTe3kFPR2jWsYbrBK6t69_N_F_yoXlNB3g&s=10,https://www.lotuss.com/th/product/51630340?srsltid=AfmBOootBtn1xAjxn5E-GnvV6iNLLah4z2_S0X3d1GnY6_4RCcwKyCad,0
42,หอม กล้วยทอดกรอบ รสคอร์นชีส 40 g.,40.00,https://encrypted-tbn0.gstatic.com/images?q=tbn:ANd9GcSlbb3jEagEf4Hl7WFDmTG3nf5EjnLBKwSPwMwKxY25Ijvg2DXwxMprlnA9&s,https://www.lotuss.com/th/product/51630328?srsltid=AfmBOoo5YDUZ3xk_vmIbb54oL3-keNwWkXGRdHrKHgTE69bHlQ1ZeP7D,0
43,เซียโทโร่ ปลาแผ่นอบกรอบ รสต้นตำรับ 50g.,79.00,https://encrypted-tbn0.gstatic.com/images?q=tbn:ANd9GcTawfdD6yEPwVxqLms4KqFjVjbrLoVfLSPLqfaiPnMhFg&s=10,https://shop.lemonfarm.com/products/chiatoro-crispy-fish-snack-original-flavor-50g?srsltid=AfmBOoonLToZLj2H78LvAOkeULGyW22tfllA0Mcu1tR6yGbZQVVDRWW5,0
44,กรินนี่ ธัญพืชอบกรอบ รสสตอเบอร์รี่โยเกิร์ตสอดไส้ครีม 60 g.,49.00,https://encrypted-tbn0.gstatic.com/images?q=tbn:ANd9GcS3DCEFL6IKrRaXLDEr5l9Q3juIVaGdKd4jpqaE147YPg&s=10,https://www.premier-marketing.co.th/en/domestic/59-2/Grinny,0
45,นิวทรียู คุ๊กกี้โฮลเกรนผสมถั่วและเมล็ดพืช 160 g.,70.00,https://encrypted-tbn0.gstatic.com/images?q=tbn:ANd9GcTsA4RUGiQy0GyyCGpNOVMVvcQoh_YGbnTgAKZbrXopPw&s,https://www.tops.co.th/th/nuri-u-delicious-whole-grain-oat-cookies-with-fruits-and-honey-160g-9556291608711,0
46,ภาวินี เนยถั่วลิสง 100% 220 g.,115.00,https://encrypted-tbn0.gstatic.com/images?q=tbn:ANd9GcSPhuKb4c8n-ckmwOsBF6dH_fI-jw4QwmYXg4SHkIYf4R6Pke_tfqjQwrkm&s,https://shopee.co.th/paweenees,0
47,บีเกอเร่ย์ สตอเบอรี่ชีสเค้กแบบแท่ง 30 g.,840.00,https://encrypted-tbn0.gstatic.com/images?q=tbn:ANd9GcTw2ZvN9Y-etgdhTthF-LIHuWI4HgLh-02wPvb8b9vDaw&s=10,https://shopee.co.th/-24%E0%B8%81%E0%B8%A5%E0%B9%88%E0%B8%AD%E0%B8%87-%E0%B8%9A%E0%B8%B5%E0%B9%80%E0%B8%81%E0%B8%AD%E0%B9%80%E0%B8%A3%E0%B9%88%E0%B8%A2%E0%B9%8C%E2%80%8B-%E2%80%8B%E0%B8%AA%E0%B8%95%E0%B8%A3%E0%B8%AD%E0%B9%80%E0%B8%9A%E0%B8%AD%E0%B8%A3%E0%B8%B5%E0%B9%88%E0%B8%8A%E0%B8%B5%E0%B8%AA%E0%B9%80%E0%B8%84%E0%B9%89%E0%B8%81%E0%B8%AD%E0%B8%9A%E0%B8%81%E0%B8%A3%E0%B8%AD%E0%B8%9A-30g%E2%80%8Bx24-i.235503060.3875797043,0
48,อะเกรนส์ กราโนล่าสูตรช็อกโกแลตมอลล์ 225g.,139.00,https://encrypted-tbn0.gstatic.com/images?q=tbn:ANd9GcQUnaJ-T2U0wChEB2lHIsu6r5iPsma_01_5LOMBafK9Dw&s=10,https://shop.lemonfarm.com/products/a-grains-granola-chocolate-malt-recipe-225-g?srsltid=AfmBOorueU51fqo1UPcvPv76NbHxpGg3o8-qCKUq79bAteboKza9oGH8,0
49,อะเกรนส์ กราโนล่าสูตร คุกกี้แอนด์ครีม 225g.,139.00,https://encrypted-tbn0.gstatic.com/images?q=tbn:ANd9GcQczqtaVcvVgawsytrlL2ghSb4rx-ZqrShJ_Z8z6oO1_g&s=10,https://www.tops.co.th/th/a-grains-granola-cookies-acream-225g-8853282002680,0
50,อะเกรนส์ กราโนล่าสูตรมัทฉะเอสเพรสโซ่ 225 g.,139.00,https://encrypted-tbn0.gstatic.com/images?q=tbn:ANd9GcR0514XyshZV4OTo0QGanxVjUlSNNTZE1I3C0_wBBSXMQ&s=10,https://gourmetmarketthailand.com/a_grains_granola_matcha_espresso_225g_8853282002727?srsltid=AfmBOooMzT7dUqif3YZFDAXJIbiyX-6c_ovp4T7pQUZoSmgBfA682daC,0
51,ครัฟ ชิพส์มันหลากสี อบกรอบพรีเมียมรสเกลือทะเลเกรฮองเด 25 g.,128.00,https://encrypted-tbn0.gstatic.com/images?q=tbn:ANd9GcSuPXwr14msxTU3HmDdCh1vdGWp_bh4SWMiSCtza3RuMw&s,https://www.makro.pro/p/214512140553-118321462759261?af_force_deeplink=true&deep_link_value=product&deep_link_sub1=118321462759261,0
52,Selecoco ทองม้วนกรอบ กลิ่นวานิลลา 60g.,73.00,https://encrypted-tbn0.gstatic.com/images?q=tbn:ANd9GcSFb2OCyAc6GSKECKpoZ0jykga18Cv557MleddenZ-AkglKGTc7k44IKX9m&s,https://www.facebook.com/SelecoSeaweed/photos/%E0%B8%81%E0%B8%A3%E0%B8%AD%E0%B8%9A%E0%B8%88%E0%B8%99%E0%B8%95%E0%B9%89%E0%B8%AD%E0%B8%87%E0%B8%AB%E0%B8%A5%E0%B8%87%E0%B8%A3%E0%B8%B1%E0%B8%81-%E0%B8%AB%E0%B8%AD%E0%B8%A1%E0%B8%A5%E0%B8%B0%E0%B8%A1%E0%B8%B8%E0%B8%99%E0%B8%97%E0%B8%B8%E0%B8%81%E0%B8%84%E0%B8%B3-%F0%9D%91%BA%F0%9D%91%AC%F0%9D%91%B3%F0%9D%91%AC%F0%9D%91%AA%F0%9D%91%B6%F0%9D%91%AA%F0%9D%91%B6-%E0%B8%97%E0%B8%AD%E0%B8%87%E0%B8%A1%E0%B9%89%E0%B8%A7%E0%B8%99%E0%B8%81%E0%B8%A3%E0%B8%AD%E0%B8%9A-%E0%B8%81%E0%B8%A5%E0%B8%B4%E0%B9%88%E0%B8%99%E0%B8%A7%E0%B8%B2%E0%B8%99%E0%B8%B4%E0%B8%A5%E0%B8%A5%E0%B8%B2-%F0%9D%91%BD%F0%9D%92%82%F0%9D%92%8F%F0%9D%92%8A%F0%9D%92%8D%F0%9D%92%8D%F0%9D%92%82-%E0%B8%81%E0%B8%A3%E0%B8%AD%E0%B8%9A-%E0%B8%AB%E0%B8%AD/1308830907950157/,0
53,กราโนล่าบาร์ รสช็อกโกแลตมอลต์ 26g.x5,20.00,https://encrypted-tbn0.gstatic.com/images?q=tbn:ANd9GcT_-pjDCtqGNrHskIqR-RNCP7TdjZ1iY0bOwPpRnWmqBQ&s=10,https://www.youngerfarm.com/product/40615-51336/granola-bar-chocolate-malt-%E0%B8%81%E0%B8%A3%E0%B8%B2%E0%B9%82%E0%B8%99%E0%B8%A5%E0%B9%88%E0%B8%B2%E0%B8%9A%E0%B8%B2%E0%B8%A3%E0%B9%8C-%E0%B8%A3%E0%B8%AA%E0%B8%8A%E0%B9%87%E0%B8%AD%E0%B8%81%E0%B9%82%E0%B8%81%E0%B9%81%E0%B8%A5%E0%B8%95%E0%B8%A1%E0%B8%AD%E0%B8%A5%E0%B8%95%E0%B9%8C-26-%E0%B8%81%E0%B8%A3%E0%B8%B1%E0%B8%A1,0
54,โทสเทลล่า ขนมปังอบกรอบ เม็ดมะม่วงหิมพานต์ รสเนยสด 70g.,45.00,https://encrypted-tbn0.gstatic.com/images?q=tbn:ANd9GcTm3lrv8_-zCWjw3lfuovvmrdq4nO5aab3K9LqkHa5Dpw&s,https://www.tops.co.th/th/toastella-cashew-toast-pure-butter-flavour-70g-8857200718400,0
55,ถั่วเขาช่อง ถั่วลิสงเคลือบรสมอคค่า 140 g.,40.00,https://encrypted-tbn0.gstatic.com/images?q=tbn:ANd9GcTlASjJv-vwLCKPK4YMTkqgv5pF1X_Bh3JOj-KR50ZEdg&s=10,https://www.lotuss.com/th/product/75564750?srsltid=AfmBOop5wzJyLKh6IPTnKWZROpGgpoguyQNygD1ThAGlQx4N9iVSPAXR,0
,,,,,0
ลำดับ,ขนมนำเข้าญี่ปุ่น,398,รูปประกอบ,ลิ้งค์,0
1,ลอตเต้ กาน่า มิลค์ ช็อกโกแลต 50 g.,49.00,https://encrypted-tbn0.gstatic.com/images?q=tbn:ANd9GcTIgK4AxNz9nmkM1Dc0UO7smXct1gQ2Zp9RyLjOqSOt3Q&s=10,https://www.lotuss.com/th/product/25006630?srsltid=AfmBOorscRPcnnbQYdCqPl7hJQJOYpq4WMbmVfyANZbi9GWmuMkSvxP5,0
2,ลอตเต้กาน่า บิสกิตทรัฟเฟิลซอลต์ตี้บัตเตอร์ 49 g.,44.5,https://encrypted-tbn0.gstatic.com/images?q=tbn:ANd9GcR14mjJA-XeFqpzP2FmVGQiEay-6xnTeGwp3BvBBSbntA&s=10,https://www.tops.co.th/th/lotte-ghana-biscuit-truffle-salty-butter-49g-4903333261277,0
3,เบอร์บอนบิสกิตสอดไส้ไวท์ช็อกโกแลต 40g.,40.00,https://encrypted-tbn0.gstatic.com/images?q=tbn:ANd9GcRuZ60ff273Oh9r6M5pWIyu8NTA_DrUnls_egq4QNrpyg&s=10,https://shopee.co.th/%E0%B9%80%E0%B8%9A%E0%B8%AD%E0%B8%A3%E0%B9%8C%E0%B8%9A%E0%B8%AD%E0%B8%99%E0%B8%9A%E0%B8%B4%E0%B8%AA%E0%B8%81%E0%B8%B4%E0%B8%95%E0%B8%AA%E0%B8%AD%E0%B8%94%E0%B9%84%E0%B8%AA%E0%B9%89%E0%B9%84%E0%B8%A7%E0%B8%97%E0%B9%8C%E0%B8%8A%E0%B9%87%E0%B8%AD%E0%B8%81%E0%B9%82%E0%B8%81%E0%B9%81%E0%B8%A5%E0%B8%95-40%E0%B8%81-Bourbon-Petit-White-Choco-Langue-De-Chat-Biscuit-40g-4901360279159--i.1696663967.47755864995,0
4,เบอร์บอน บิสกิตหน้าครีมช็อกแเละครีมกาแฟ 103 g.,70.00,https://encrypted-tbn0.gstatic.com/images?q=tbn:ANd9GcSWL84IsVKUE53DzD3Vh9zAoqAZXwY8fHzusU0UFPOQSw&s,https://www.tops.co.th/th/bourbon-choco-and-coffee-biscuit-103g-4901360272969,0
5,เบอร์บอน แอลฟอร์ด บิสกิตเคลือบช็อกโกแลตนม 61 g.,110.00,https://encrypted-tbn0.gstatic.com/images?q=tbn:ANd9GcS4izhxnfnClatO-RbDiiYNuc57zZau_Gi7bTXq4J6Crg&s=10,https://www.allonline.7eleven.co.th/p/%E0%B9%80%E0%B8%9A%E0%B8%AD%E0%B8%A3%E0%B9%8C%E0%B8%9A%E0%B8%AD%E0%B8%99-%E0%B9%81%E0%B8%AD%E0%B8%A5%E0%B8%9F%E0%B8%AD%E0%B8%A3%E0%B9%8C%E0%B8%94%E0%B8%A1%E0%B8%B4%E0%B8%99%E0%B8%B4%E0%B8%8A%E0%B9%87%E0%B8%AD%E0%B8%81%E0%B9%82%E0%B8%81%E0%B9%81%E0%B8%A5%E0%B8%95-61-%E0%B8%81%E0%B8%A3%E0%B8%B1%E0%B8%A1/498394/?srsltid=AfmBOoqgkkVNM94shUx77SIZmi3nydJpQ-nN3Vq0lzQBCljNZ3t-wf6Q,0
6,เบอร์บอน แอลฟอร์ด บิสกิตเคลือบช็อกโกแลตแบล็ค 52 g.,55.00,https://encrypted-tbn0.gstatic.com/images?q=tbn:ANd9GcTxXfB4tEQT2cBAu_y2GTIG2MWzrTC1noSfnb21xTRXCQ&s,https://www.lotuss.com/th/product/bourbon-alfort-mini-chocolate-mild-bitter-dark-chocolate-coated-biscuits-61g-51230491?srsltid=AfmBOooO8v7UufCCFkzA1GovyQ5ArY1ds9n3AEE7fU8xLmQZ2ae1Zz4q,0
7,บอร์บอนเวเฟอร์สอดไส้วานิลลา 85 g.,95.00,https://encrypted-tbn0.gstatic.com/images?q=tbn:ANd9GcStuKb9QGtZsbkiMYVX6RDHOM646cRE0ua0P4Cw_YNtGQ&s=10,https://www.tops.co.th/th/bourbon-vanilla-roanne-wafer-85g-4901360275397,0
8,เบอร์บอน บิสกิตหน้าครีมช็อกแเละครีมกาแฟ 103 g.,70.00,https://encrypted-tbn0.gstatic.com/images?q=tbn:ANd9GcSWL84IsVKUE53DzD3Vh9zAoqAZXwY8fHzusU0UFPOQSw&s,https://www.tops.co.th/th/bourbon-choco-and-coffee-biscuit-103g-4901360272969,0
9,เบอร์บอน กาจิ มันฝรั่งทอดกรอบกลิ่นซาวร์ครีมและหัวหอม,20.00,https://encrypted-tbn0.gstatic.com/images?q=tbn:ANd9GcTzhKpNTt1A8E19IMR31_3SMHw2VM9Mx8rtYKw8DC4pfg&s,https://www.tops.co.th/th/bour-bon-gachi-jyaga-sour-cream-pepper-aji-98g-4901360361236,0
10,เบอร์บอน เพรสเซล ช็อกโกแลต 53 g.,69.00,https://encrypted-tbn0.gstatic.com/images?q=tbn:ANd9GcRIB3ABxVpzVJ8Gpul-lajBXv7gh_TCCr3LoF_q91DZiA&s,https://www.tops.co.th/th/bourbon-pretzel-chocolate-53g-4901360361847,0
11,เบอร์บอน บลองชู มินิ ช็อกโกแลต 40 g.,78,https://encrypted-tbn0.gstatic.com/images?q=tbn:ANd9GcSlGqT70iOVxnkfLeW96UtAHgyKlgTrCfHto_SCxLtIBA&s=10,https://www.tops.co.th/th/bourbon-chocolate-blanchul-strawberry-40g-4901360355778,0
12,เบอร์บอน แอลฟอร์ด มินิ ช็อกโกแลตมัทฉะ 40 g.,59.00,https://encrypted-tbn0.gstatic.com/images?q=tbn:ANd9GcSbGZCSYWaX2G4qHntrFqxMYPYtSkG-6NA5mWGlWZphHQ&s=10,https://www.tops.co.th/th/bourbon-alfort-mini-chocolate-matcha-60g-4901360360963,0
13,เบอร์บอน ปากิล่า เวเฟอร์ใส่ครีมชอกโกแลตผสมอัลมอนด์ 46g.,95.00,https://encrypted-tbn0.gstatic.com/images?q=tbn:ANd9GcSrF1OIdN6XpGdEoycIdg1rsRMFTeUbBfejkXWfrGWA3Q&s,https://www.tops.co.th/th/bourbon-pakila-wafer-chocolate-almond-46g-4901360346929,0
14,เบอร์บอนทอร์เต้คุกกี้ทิน 310 g.,286.00,https://encrypted-tbn0.gstatic.com/images?q=tbn:ANd9GcSFQsEc017T-ndE1Nnoccue51HU4uCLb6s1xh5d51NPBVEVPcoEeiMMNugt&s,https://www.lotuss.com/th/product/23771135?srsltid=AfmBOorfTCaYo-vRro3-kBJm2s-9keIe4XbXfRfbso-Yha0jQP2dF8Tv,0
15,กูลิโกะ บิสโก้ ครีม 60 g.,79.00,https://encrypted-tbn0.gstatic.com/images?q=tbn:ANd9GcRhpQXvGZa_Jnd7twhCClnsKP7hJu-5-e9gFUlrh0paRKVzOfzOc_36-w8N&s,https://shopee.co.th/Glico-Bisco-Cream-%E0%B8%9A%E0%B8%B5%E0%B8%AA%E0%B9%82%E0%B8%81%E0%B9%89-%E0%B8%82%E0%B8%99%E0%B8%A1%E0%B8%9B%E0%B8%B1%E0%B8%87%E0%B8%81%E0%B8%A3%E0%B8%AD%E0%B8%9A%E0%B8%AA%E0%B8%AD%E0%B8%94%E0%B9%83%E0%B8%AA%E0%B9%89-%E0%B8%82%E0%B8%99%E0%B8%A1%E0%B8%AA%E0%B8%B3%E0%B8%AB%E0%B8%A3%E0%B8%B1%E0%B8%9A%E0%B9%80%E0%B8%94%E0%B9%87%E0%B8%81-%E0%B8%9A%E0%B8%B4%E0%B8%AA%E0%B9%82%E0%B8%81%E0%B9%89-%E0%B8%88%E0%B8%B2%E0%B8%81%E0%B8%8D%E0%B8%B5%E0%B9%88%E0%B8%9B%E0%B8%B8%E0%B9%88%E0%B8%99-60g-i.31910327.815793921,0
16,โมรินากะ มูนไลท์คุกกี้ 113 g.,30,https://encrypted-tbn0.gstatic.com/images?q=tbn:ANd9GcQIQf_SUwxkSpJwl11rzHMWmak3GjQlygTVrmFqgSwHLg&s,https://shopee.co.th/Morinaga-moonlight-cookie-113g.-%E0%B9%82%E0%B8%A1%E0%B8%A3%E0%B8%B4%E0%B8%99%E0%B8%B2%E0%B8%81%E0%B8%B0-%E0%B8%A1%E0%B8%B9%E0%B8%99%E0%B9%84%E0%B8%A5%E0%B8%97%E0%B9%8C-%E0%B8%84%E0%B8%B8%E0%B8%81%E0%B8%81%E0%B8%B5%E0%B9%89-%E0%B8%84%E0%B8%B8%E0%B8%81%E0%B8%81%E0%B8%B5%E0%B9%89%E0%B8%A3%E0%B8%AA%E0%B9%80%E0%B8%99%E0%B8%A2-%E0%B8%99%E0%B8%B3%E0%B9%80%E0%B8%82%E0%B9%89%E0%B8%B2%E0%B8%88%E0%B8%B2%E0%B8%81%E0%B8%8D%E0%B8%B5%E0%B9%88%E0%B8%9B%E0%B8%B8%E0%B9%88%E0%B8%99%F0%9F%87%AF%F0%9F%87%B5-i.1091095792.21087337449,0
17,โมรินากะช็อกโกแลตชิพ คุกกี้ 113 g.,69.00,https://encrypted-tbn0.gstatic.com/images?q=tbn:ANd9GcTgK-q_zYf9rlc7-MBt-pQk0_FEvyX76Oe1exROAl-q6qGVQcKjYP9nnJKp&s,https://www.bigc.co.th/en/product/morinaga-chocochips-cookie-111-6-g.5196765?srsltid=AfmBOoodHjy-QLC96CFEDTD4aCVAxDvDpYVIU3t7xXi4474a-lk-Izey,0
18,โมรินากะ ดารส์ชอคโกแลตขาว 42 g.,48.00,https://encrypted-tbn0.gstatic.com/images?q=tbn:ANd9GcRnPw272_D5ZmRrN4zVs2hE5IHl_pLDfKdwxb5VvkBrkA&s=10,https://www.tops.co.th/th/morinaga-dars-bitter-chocolate-42g-4902888183447,0
19,โมรินากะ ดารส์ชอคโกแลตนม 42 g. สีแดง,48.00,https://encrypted-tbn0.gstatic.com/images?q=tbn:ANd9GcS3qS08pKI2B8_Jszy_dKlBzldDSPir8fFBTNPdIErWSg&s=10,https://www.tops.co.th/th/morinaga-dars-bitter-chocolate-42g-4902888183447,0
20,โมรินากะ ดาร์ส แอสซอสเต็ดช็อกโกแลต 126 g.,47.00,https://encrypted-tbn0.gstatic.com/images?q=tbn:ANd9GcR40f9wyMyjs4e7MbEg5miMSrZOcAtSvvH000pZJpb5tg&s,https://www.bigc.co.th/en/product/morinaga-dark-assorted-chocolate-126-g.3553092?srsltid=AfmBOopAw9D6OuGhqlRzM3tvZYu4JQNK8ltv0vcwYgOoVyu1bgvDZeIr,0
21,อิโตะ ช็อกโก ชิฟ คุ้กกี้ 163 g.,95.00,https://encrypted-tbn0.gstatic.com/images?q=tbn:ANd9GcT2_N2h6q3LRVOwzfcUCFAwFlIWmuJkYR7yKII3CI6L5A&s=10,https://www.tops.co.th/th/ito-choco-chip-cookie-163g-4901050117297,0
22,แลงกูลี คุ้กกี้สอดไส้ครีม รสช็อกโกแลต 125 g.,95.00,https://encrypted-tbn0.gstatic.com/images?q=tbn:ANd9GcSpKRxJ52sGkbKrNwaAul2ti8m931iO9sUDwhY5_G7RWA&s,https://www.bigc.co.th/en/product/ito-languly-vanilla-cookies-stuffed-with-vanilla-flavored-cream-125-g.4163401?srsltid=AfmBOorhPzAthJrKsuznlZ0c1iYx7aiSSGxvkaoKuYiJiy6VXrMjtEiB,0
23,แลงกูลี คุ้กกี้สอดไส้ครีม รสวนิลา 125 g.,95.00,https://encrypted-tbn0.gstatic.com/images?q=tbn:ANd9GcRphqz2PHfh8kUXrE0bTUGNhIUs0ajDe1uvqhNLiyARIQ&s,https://www.bigc.co.th/en/product/ito-languly-vanilla-cookies-stuffed-with-vanilla-flavored-cream-125-g.4163401?srsltid=AfmBOory8z8K02u-BbVizMsS6EPwJ4kbIADwjSchhpTbeGoDyfTA1JRx,0
24,นิชชิน คริสป์ช็อกโก ข้าวโพดกรอบช็อกโกแลต 47 g.,59.00,https://encrypted-tbn0.gstatic.com/images?q=tbn:ANd9GcRxAVj6epApFw9uZhbXLz3ae7ggCHCQZKR6FZp0PMdUXQ&s,https://www.allonline.7eleven.co.th/p/%E0%B8%99%E0%B8%B4%E0%B8%AA%E0%B8%8A%E0%B8%B4%E0%B8%99%E0%B8%84%E0%B8%A3%E0%B8%B4%E0%B8%AA%E0%B9%8C%E0%B8%9B-%E0%B8%8A%E0%B9%87%E0%B8%AD%E0%B8%81%E0%B9%82%E0%B8%81%E0%B9%81%E0%B8%9F%E0%B8%A5%E0%B9%87%E0%B8%81%E0%B8%8B%E0%B9%8C-47-%E0%B8%81%E0%B8%A3%E0%B8%B1%E0%B8%A1/336287/?srsltid=AfmBOoq9xWoyFlB6Y1P8RGCt2P9H7v5gZ78z8pChyi3HKhBs7TnFA-GQ,0
25,ลอตเต้ บินซ์ คริสปี้ บิสกิตเคลือบช็อกโกแลต 102 g.,135.00,https://encrypted-tbn0.gstatic.com/images?q=tbn:ANd9GcSY9COpzH-KGgK9Jn7SRdG6q2kUNvhH7dzqylbQCrvEOA&s,https://www.bigc.co.th/product/lotte-binch-crispy-biscuit-covered-with-chocolate-102-g.5141892?srsltid=AfmBOoo2FiSf1Gh-b3kSROjd97aORiXkBqeMCFHJ5LasRRBtSTfINscg,0
26,โตฮาโตะซอลตี้บัตเตอร์คุกกี้คุกกี้รสเนย 85 g.,85.00,https://encrypted-tbn0.gstatic.com/images?q=tbn:ANd9GcRHesqzGjCB_0A_IDczsMFCu1dAUknqWuYviPGAeJdGqg&s,https://www.tops.co.th/th/tohato-salty-butter-cookie-85g-4901940040193,0
27,ลอตเต้กาน่า บิสกิตทรัฟเฟิลซอลต์ตี้บัตเตอร์ 49 g.,44.5,https://encrypted-tbn0.gstatic.com/images?q=tbn:ANd9GcR14mjJA-XeFqpzP2FmVGQiEay-6xnTeGwp3BvBBSbntA&s=10,https://www.tops.co.th/th/lotte-ghana-biscuit-truffle-salty-butter-49g-4903333261277,0
28,ฟูจิย่า โฮโรลู คุกกี้รสชีสกามองแบร์ 76 g.,59.00,https://encrypted-tbn0.gstatic.com/images?q=tbn:ANd9GcSptuLzaMAO4ZKaTiuco7wT5Im4tNOqetu9SHyieVu7jg&s=10,https://shopee.co.th/%E0%B8%9F%E0%B8%B9%E0%B8%88%E0%B8%B4%E0%B8%A2%E0%B9%88%E0%B8%B2-%E0%B9%82%E0%B8%AE%E0%B9%82%E0%B8%A3%E0%B8%A5%E0%B8%B9-%E0%B8%84%E0%B8%B8%E0%B8%81%E0%B8%81%E0%B8%B5%E0%B9%89-%E0%B8%A3%E0%B8%AA%E0%B9%82%E0%B8%9F%E0%B8%A3%E0%B8%A1%E0%B8%B2%E0%B8%88%E0%B8%8A%E0%B8%B5%E0%B8%AA-%E0%B9%81%E0%B8%A5%E0%B8%B0%E0%B8%A3%E0%B8%AA%E0%B9%80%E0%B8%99%E0%B8%A2-FUJIYA-HOROLU-COOKIES-%E0%B8%99%E0%B9%89%E0%B8%B3%E0%B8%AB%E0%B8%99%E0%B8%B1%E0%B8%81-84-%E0%B8%81%E0%B8%A3%E0%B8%B1%E0%B8%A1-(12%E0%B8%8A%E0%B8%B4%E0%B9%89%E0%B8%99)-***%E0%B8%AA%E0%B8%B4%E0%B8%99%E0%B8%84%E0%B9%89%E0%B8%B2%E0%B8%9E%E0%B8%A3%E0%B9%89%E0%B8%AD%E0%B8%A1%E0%B8%AA%E0%B9%88%E0%B8%87***-i.105678659.10961503904,0
29,คาลบี้ เอบิเซน ข้าวเกรียบกุ้งรสวาซาบิโชยุ 60 g.,47.00,https://encrypted-tbn0.gstatic.com/images?q=tbn:ANd9GcQb6SQ-pA-0DZwVTUl8MH21caLMN1Kmx1-CiRtH6Gl4Mw&s=10,https://www.tops.co.th/th/calbee-ebisen-prawn-crackers-wasabi-shoyu-60g-8851016218017,0
30,คาลบี้ เอบิเซน รสซอลท์เท็ดคาราเมล 60g.,228.00,https://encrypted-tbn0.gstatic.com/images?q=tbn:ANd9GcTrAa0_uNOhkEI1N3JS01SygpG3spOWTT6vuCjtGsPE0A&s=10,https://www.allonline.7eleven.co.th/p/%E0%B8%84%E0%B8%B2%E0%B8%A5%E0%B8%9A%E0%B8%B5%E0%B9%89-%E0%B9%80%E0%B8%AD%E0%B8%9A%E0%B8%B4%E0%B9%80%E0%B8%8B%E0%B8%99-%E0%B8%A3%E0%B8%AA%E0%B8%8B%E0%B8%AD%E0%B8%A5%E0%B8%97%E0%B9%8C%E0%B9%80%E0%B8%97%E0%B9%87%E0%B8%94%E0%B8%84%E0%B8%B2%E0%B8%A3%E0%B8%B2%E0%B9%80%E0%B8%A1%E0%B8%A5-45-%E0%B8%81%E0%B8%A3%E0%B8%B1%E0%B8%A1-%E0%B8%A2%E0%B8%81%E0%B8%A5%E0%B8%B1%E0%B8%87-12-%E0%B8%8A%E0%B8%B4%E0%B9%89%E0%B8%99/366602/?srsltid=AfmBOooTtD3-F7svNnX1XORFM59Rd5769slLsZWFoowkiyy46pPrHpeR,0
31,"อาโอฮาตะ แยมสตรอว์เบอร์รี 150g,",169.00,https://encrypted-tbn0.gstatic.com/images?q=tbn:ANd9GcTVRDLKrQFDwrzLgQB1DGx-MsTqvGALvpliY5Lr38qb4Q&s,https://www.tops.co.th/th/aohata-strawberry-jam-150g-0000045185922,0
32,เมจิช็อกโกแลตนม 20g.,32.00,https://encrypted-tbn0.gstatic.com/images?q=tbn:ANd9GcQ28goBox3FoHgleAhR_IvIelJtNOYC-9pectkWyHP26Q&s,https://www.tops.co.th/th/meiji-milk-chocolate-20g-8858697150018,0
33,เมจิเดอะคาเคานัตตี้ช็อกโกแลต 42g.,30,https://encrypted-tbn0.gstatic.com/images?q=tbn:ANd9GcR8gIzAQwB3VQXTj4BIbpEx_4Zf23WaEVwnXCaU3xIueA&s,https://www.tops.co.th/th/meiji-the-cacao-nutty-chocolate-42g-4902777136288,0
34,กูลิโกะ โคลอน ครีม 81 g.,85.00,https://encrypted-tbn0.gstatic.com/images?q=tbn:ANd9GcTjrekon41K-c2PPKeYGbqUvxNuyZefFse4wRWQzc2N7yl85kR88SIK9lec&s,https://www.bigc.co.th/en/product/glico-collon-cream-81-g.7274?srsltid=AfmBOoqwxEr41AiIBFbXYhuyK9pk90K7EeutC_32LEv-tqA7E_6B-uSd,0
,,,,,0
ลำดับ,แยม,249.00,รูปประกอบ,ลิ้งค์,0
1,แฟร์เลนออแกนิก แยมสับปะรด 225 g.,95,https://encrypted-tbn0.gstatic.com/images?q=tbn:ANd9GcTQpKGQAB1VWk-7hUKbQcpvii2XYGLElIiZhNHaFp_KDA&s,https://www.greenpea5.com/product/4186/%E0%B9%81%E0%B8%A2%E0%B8%A1%E0%B8%9C%E0%B8%A5%E0%B9%84%E0%B8%A1%E0%B9%89-%E0%B8%AD%E0%B8%AD%E0%B8%A3%E0%B9%8C%E0%B9%81%E0%B8%81%E0%B8%99%E0%B8%B4%E0%B8%84-225%E0%B8%81%E0%B8%A3%E0%B8%B1%E0%B8%A1-%E0%B8%A1%E0%B8%B5%E0%B9%80%E0%B8%99%E0%B8%B7%E0%B9%89%E0%B8%AD%E0%B8%9C%E0%B8%A5%E0%B9%84%E0%B8%A1%E0%B9%89-fairlane-organic-%E0%B9%84%E0%B8%A1%E0%B9%88%E0%B8%A1%E0%B8%B5%E0%B8%A7%E0%B8%B1%E0%B8%95%E0%B8%96%E0%B8%B8%E0%B8%81%E0%B8%B1%E0%B8%99%E0%B9%80%E0%B8%AA%E0%B8%B5%E0%B8%A2-%E0%B9%84%E0%B8%A1%E0%B9%88%E0%B9%81%E0%B8%95%E0%B9%88%E0%B8%87%E0%B8%81%E0%B8%A5%E0%B8%B4%E0%B9%88%E0%B8%99%E0%B9%81%E0%B8%A5%E0%B8%B0%E0%B8%AA%E0%B8%B5?srsltid=AfmBOooBv4KG8y2tojbB3yMbaz_shChw1wIGpP8UaftJ9U3aVkuFpHz5,0
2,เซนต์ดาลฟูร์แยมผลไม้รวม 284 g.,135.00,https://encrypted-tbn0.gstatic.com/images?q=tbn:ANd9GcTCggyX2wUfiLSjR-jxiw--2W8xwDTHfcuUFC5FaOlDQQ&s,https://www.lotuss.com/th/product/st-dalfour-four-fruits-with-concentrated-grape-juice-284g-5986524?srsltid=AfmBOormLqB3UYdNUxPtE1MS7IixSFTJfJXXV43bEyofI4Laz8zVdFVE,0
3,เซนต์ดาลฟูร์แยมรสผลไม้รวมบลูเบอร์รีสตรอเบอร์รี 28g.,169.00,https://encrypted-tbn0.gstatic.com/images?q=tbn:ANd9GcTUoK97u7750S72vlhRHjKwbKt7NGwnT0PlCtDZDGgjaw&s=10,https://www.tops.co.th/th/st-dalfour-fruits-blueberry-strawberry-28g-pack-3-8852027204143,0
4,บีเรนเบอร์กแยมสตรอเบอร์รี่ 30 g.,27.00,https://encrypted-tbn0.gstatic.com/images?q=tbn:ANd9GcRPEseH93vaF4cCs4HtngyPvSycSkA5tQbQBmwJQxVpIA&s=10,https://www.tops.co.th/th/beerenberg-strawberry-jam-30g-0000020957551,0
,,,,,0
ลำดับ,ซุป,,รูปประกอบ,ลิ้งค์,0
1,เดลมอนต้ ซุปครีมฝักทอง 380g.,99.00,https://encrypted-tbn0.gstatic.com/images?q=tbn:ANd9GcQlugyghLb9NjAfbxa4ymQH43-0TJAE2p0AR59D2Uomag&s,https://www.tops.co.th/th/del-monte-pumpkin-and-carrot-soup-380g-8887333050337,0
2,โพลาโพล่า ซุปครีมข้าวโพดชีสกึ่งสำเร็จรูปชนิดผง 75 g.,5,https://encrypted-tbn0.gstatic.com/images?q=tbn:ANd9GcSvDDzn-SupcVjEh9ZSj6uJ89ksuz8YSN6tQvXR9f4giw&s,https://www.tops.co.th/th/pola-pola-corn-cheese-instant-cream-powder-soup-25g-pack3-8859463300576,0
3,โพลาโพล่า ซุปครีมฝักทองกึ่งสำเร็จรูปชนิดผง 75 g.,59.00,https://encrypted-tbn0.gstatic.com/images?q=tbn:ANd9GcSi557pWcLhjuKRF5cpH4MRfHKcLY42BAU7u7vXaL4tSg&s=10,https://www.lotuss.com/th/product/51934919?srsltid=AfmBOoqRVER4YhrMMWsg9kasZm4icRmHkGuYFRvJXC2Q5cUU-Id8z4Ey,0
4,โพลาโพล่า ซุปครีมผักขมกึ่งสำเร็จรูปชนิดผง 75 g.,59.00,https://encrypted-tbn0.gstatic.com/images?q=tbn:ANd9GcTlNq2UWIlapyWPP86zaVr5DFPtMqirO0KW9UMK3QQd4A&s=10,https://www.lotuss.com/th/product/51934902?srsltid=AfmBOooZ6ASSBN1QvrYcnqjJaaS7Msw0gWBwj8NRSdSuawwBw2pdMjR2,0
5,เฮ้าส์ โอเด้ง ซุป มิกซ์ 77.2 g.,97.00,https://encrypted-tbn0.gstatic.com/images?q=tbn:ANd9GcSA47LZlElZJdZSS6yoRJDtyrDPrfmpt0lyTKotXSfQLdhgC0d2poMagyhx&s,https://shopee.co.th/House-oden-soup-mix-77.2-g.-%E0%B9%80%E0%B8%AE%E0%B8%B2%E0%B8%AA%E0%B9%8C-%E0%B9%82%E0%B8%AD%E0%B9%80%E0%B8%94%E0%B9%89%E0%B8%87-%E0%B8%8B%E0%B8%B8%E0%B8%9B-%E0%B8%A1%E0%B8%B4%E0%B8%81%E0%B8%8B%E0%B9%8C-%E0%B8%9C%E0%B8%87%E0%B8%9B%E0%B8%A3%E0%B8%B8%E0%B8%87%E0%B8%A3%E0%B8%AA%E0%B8%AA%E0%B8%B3%E0%B8%AB%E0%B8%A3%E0%B8%B1%E0%B8%9A%E0%B9%82%E0%B8%AD%E0%B9%80%E0%B8%94%E0%B9%89%E0%B8%87-%E0%B8%99%E0%B8%B3%E0%B9%80%E0%B8%82%E0%B9%89%E0%B8%B2%E0%B8%88%E0%B8%B2%E0%B8%81%E0%B8%8D%E0%B8%B5%E0%B9%88%E0%B8%9B%E0%B8%B8%E0%B9%88%E0%B8%99%F0%9F%87%AF%F0%9F%87%B5fl-i.1091095792.25467723723,0
6,โอทาโกะ ซุปใส 30 g.,80.00,https://encrypted-tbn0.gstatic.com/images?q=tbn:ANd9GcRA0MR-xUJhPMvfkqD_TPGx55mPnAEvxMAx9dgy5qAHTeYV7BluIVqzqJRK&s,https://www.lazada.co.th/tag/%E0%B9%82%E0%B8%AD%E0%B8%97%E0%B8%B2%E0%B9%82%E0%B8%81%E0%B8%B0-%E0%B8%8B%E0%B8%B8%E0%B8%9B%E0%B9%80%E0%B8%AB%E0%B9%87%E0%B8%94%E0%B8%AB%E0%B8%AD%E0%B8%A1/,0
7,เลดี้แอนนา ซุปครีมรสทรัฟเฟิลอัลเฟรโดกึ่งสําเร็จรูป 35 g.,279.00,https://encrypted-tbn0.gstatic.com/images?q=tbn:ANd9GcR8bt9QZRiugLbZXj_eobbz4M4ZdDhmRdtprD4QGeqxcQ&s=10,https://www.tops.co.th/th/lady-anna-instant-soup-cream-of-truffle-alfredo-35g-pack-2-8852805020187,0
8,กรีนแวลลีย์ มักกะโรนี แอนด์ ชีส 4 ชีส 170 g.,210.00,https://encrypted-tbn0.gstatic.com/images?q=tbn:ANd9GcT0Pktl51F94xXxi7WHRNbvbwk35yn4ABGPfIsKmDFOZw&s,https://www.tops.co.th/th/green-valley-macaroni-cheese-with-4-types-of-cheese-flavor-170g-8997015495575,0
9,โพลา โพล่า ชุปฝักทองอบเชย 170 g.,94.00,https://encrypted-tbn0.gstatic.com/images?q=tbn:ANd9GcQQylMlvCetZViTa-QBKCxRktgATB0b-pOxvsNKmDflRxhdXb27h4xkvpRN&s,https://www.tops.co.th/th/pola-pola-pumpkin-cinnamon-soup-170g-8859463300125,0
10,โจเน็ตสึ ซุปข้าวโพดกึ่งสำเร็จรูป ฮอกไกโด 61.5 g.,117,https://encrypted-tbn0.gstatic.com/images?q=tbn:ANd9GcQqe_KEd9y5cknQ68dtgpJOtxGKjWjcjot6i1L0rdPr4w&s,https://siamtakashimaya.co.th/en/product-categories/361/hokkaido-ready-to-eat,0
11,แคมเบลล์ ซุปครีมเห็ดกึ่งสำเร็จรูป 298 g.,85.00,https://encrypted-tbn0.gstatic.com/images?q=tbn:ANd9GcTurGKq6RJXaGedOehnTMRuTfPHtVL4T2S7wMklCSw1nQ&s=10,https://www.bestpattaya.co.th/product/1235/%E0%B9%81%E0%B8%84%E0%B8%A1%E0%B9%80%E0%B8%9A%E0%B8%A5%E0%B8%A5%E0%B9%8C-%E0%B8%8B%E0%B8%B8%E0%B8%9B%E0%B8%84%E0%B8%A3%E0%B8%B5%E0%B8%A1%E0%B9%80%E0%B8%AB%E0%B9%87%E0%B8%94-%E0%B8%99%E0%B9%89%E0%B8%B3%E0%B8%AB%E0%B8%99%E0%B8%B1%E0%B8%81%E0%B8%AA%E0%B8%B8%E0%B8%97%E0%B8%98%E0%B8%B4-298-%E0%B8%81%E0%B8%A3%E0%B8%B1%E0%B8%A1-campbells-cream-of-mushroom-soup-298-g,0
12,Soupturday ซุปข้าวผสมขมิ้นชัน และบัตเตอร์นัทสควอช 180g.,129.00,https://encrypted-tbn0.gstatic.com/images?q=tbn:ANd9GcRetzcL3nytMxVrnVehGiACEwXVkf5dNdjneAaRE5IAtg&s,https://www.facebook.com/oricesoupturday/posts/-mid-year-sale-soupturday-%E0%B8%88%E0%B8%B1%E0%B8%94%E0%B9%82%E0%B8%9B%E0%B8%A3-3-%E0%B8%81%E0%B8%A5%E0%B9%88%E0%B8%AD%E0%B8%87%E0%B9%80%E0%B8%9E%E0%B8%B5%E0%B8%A2%E0%B8%87-199-%E0%B8%88%E0%B8%B2%E0%B8%81%E0%B8%A3%E0%B8%B2%E0%B8%84%E0%B8%B2%E0%B8%9B%E0%B8%81%E0%B8%95%E0%B8%B4-267-%E0%B8%84%E0%B8%B8%E0%B9%89%E0%B8%A1%E0%B8%81%E0%B8%A7%E0%B9%88%E0%B8%B2%E0%B8%99%E0%B8%B5%E0%B9%89%E0%B9%84%E0%B8%A1%E0%B9%88/1465512302273277/,0
,,,,,0
ลำดับ,น้ำ,,รูปประกอบ,ลิ้งค์,0
1,บูสท์เบอร์รี่ น้ำเสาวรสผสมมะม่วง 20ml.,,https://encrypted-tbn0.gstatic.com/images?q=tbn:ANd9GcSVZv5tQ-Ap_GVyJF7tYHjTshY9rdGDQUdMJ_tcH-pqgw&s=10,https://shopee.co.th/48-%E0%B8%82%E0%B8%A7%E0%B8%94-%E0%B8%99%E0%B9%89%E0%B8%B3%E0%B9%80%E0%B8%AA%E0%B8%B2%E0%B8%A7%E0%B8%A3%E0%B8%AA%E0%B9%81%E0%B8%97%E0%B9%89%E0%B8%9C%E0%B8%AA%E0%B8%A1%E0%B8%99%E0%B9%89%E0%B8%B3%E0%B8%A1%E0%B8%B0%E0%B8%A1%E0%B9%88%E0%B8%A7%E0%B8%87-%E0%B8%95%E0%B8%A3%E0%B8%B2%E0%B8%9A%E0%B8%B9%E0%B8%AA%E0%B8%97%E0%B9%8C%E0%B9%80%E0%B8%9A%E0%B8%AD%E0%B8%A3%E0%B9%8C%E0%B8%A3%E0%B8%B5%E0%B9%88-BoostBerry-Passion-Fruit-with-Mango-Juice-i.683395462.26731285989,0
2,ลิลลี่ น้ำมังคุดผสมลิ้นจี่ สกัดเข้มข้น 100% 250 ml.,347,https://encrypted-tbn0.gstatic.com/images?q=tbn:ANd9GcTYnAMmqdndXZ4o4ey4-nvctpROGzXjy-IgdhrBQAfW6g&s=10,https://shopee.co.th/lilyfresh,0
3,สยาม น้ำผึ้งแท้ 100% 253 g.,129.00,https://encrypted-tbn0.gstatic.com/images?q=tbn:ANd9GcRRFEmti-vu3eyW50bVrkwu72L_kP3DW2Ge_JVjZRtWfWKGTdTbWetJW4EC&s,https://www.thailandpostmart.com/product/1013450008100?srsltid=AfmBOorab9IhPxhWEb9MlsCMWXn5a5IbNrEOIDCY0jB6esncty-CTsRM,0
4,ฮารุนะ น้ำชาบาเล่ย์ 500 g.,29.00,https://encrypted-tbn0.gstatic.com/images?q=tbn:ANd9GcTMCJ5GPYXBS7dVtAp6Ff69DJrLPDwf0abww020RUQ6ZA&s=10,https://www.lotuss.com/th/product/75609777?srsltid=AfmBOorsvuo8kmRU5IKrhwDjdv6PDKQ_PHoms69XMZzXjvIrqPGq-2R8,0
5,ชบา น้ํามะพร้าว100% 310 ml.,25.00,https://encrypted-tbn0.gstatic.com/images?q=tbn:ANd9GcQMZf0PLwMBFnbUfpoc2kcvRUe4MV96vzBp-kdAa1SXh3Xo7jTl9znejuxQ&s,https://www.lotuss.com/th/product/51643181?srsltid=AfmBOooqElYL8J-JV15czYvf4D3DKzw6GyAmAr2aYBhq1fmjdwJCo1zK,0
6,ไดมอนด์เฟรช ข้าวหอมมะลิ รสงาดำ 180 ml.,45,https://encrypted-tbn0.gstatic.com/images?q=tbn:ANd9GcQjTh-7OIalJzRXFjx4JMQK_6cw1mWXIa5ujdHiD3jEdQrbhbDVeUxRb_s&s=10,https://www.tops.co.th/th/diamond-fresh-young-organic-jasmine-rice-milk-drink-with-black-sesame-180ml-8857125159029,0
7,ชิซึโอกะ ชาเขียว กลิ่นมะลิ สูตรหวานน้อย 440 ml.,30.00,https://encrypted-tbn0.gstatic.com/images?q=tbn:ANd9GcR7Q73o7V1Ty_EFFQiFp1jcnqUF5cFV-6k2NMBsAj_wdQ&s=10,https://www.bigc.co.th/product/shizuoka-green-tea-jasmine-mildly-sweet-440-ml.9396791?srsltid=AfmBOopWF8BAh_bLP4OjeKkO8jGt_am6ggjHuMfda3lT-Kkr8_dAb9k2,0
8,จุนโซ เซน น้ำพีชขาวญี่ปุ่นผสมเนื้อพีช 180 ml.,98.00,https://encrypted-tbn0.gstatic.com/images?q=tbn:ANd9GcRLtk1g9XnWvOw7xEXQkQk6pRvDjN-HeRShAdLaK1yR_w&s=10,https://shopee.co.th/search?category=11044943&keyword=peach%20%E0%B8%99%E0%B9%89%E0%B8%B3,0
9,ฟีเวอร์ทรี โทนิควอเตอร์เครื่องดื่มอัดก๊าซ 200 ml.,72.00,https://encrypted-tbn0.gstatic.com/images?q=tbn:ANd9GcQ2RIknXxESOudIitzFz_Hdwt2eBixI89_tM-WcPrwaQw&s=10,https://www.tops.co.th/th/fever-tree-tonic-water-200ml-5060108450003,0
10,ฮารุฉะ น้ำชาเขียวสกัดเย็นกลิ่นมะลิ 440 ml.,30.00,https://encrypted-tbn0.gstatic.com/images?q=tbn:ANd9GcQRdS6FHRFzgNcGntE52kmSySQRdQqBtHHd0KOzSUbReA&s,https://www.lotuss.com/th/product/75592101?srsltid=AfmBOorKo4eH6TyAC8CdGzH4koKy6H_CLKyIqv_PJBue_Lr9r8hmne1X,0
11,ฟีเวอร์ทรีโทนิควอเตอร์เครื่องดื่มอัดก๊าซ 200 ml.,72.00,https://encrypted-tbn0.gstatic.com/images?q=tbn:ANd9GcQ2RIknXxESOudIitzFz_Hdwt2eBixI89_tM-WcPrwaQw&s=10,https://www.tops.co.th/th/fever-tree-tonic-water-200ml-5060108450003,0
12,พอคคาซัปโปโรคากะโบโฮจิฉะโรสเต็ดกรีนที 525ml.,39,https://encrypted-tbn0.gstatic.com/images?q=tbn:ANd9GcR66SMDHjA-uXRelXpVr8oLsZ9-vo9tsbCAuly7LI0wzA&s=10,https://www.tops.co.th/th/pokka-sapporo-kagabo-hojicha-roasted-green-tea-525ml-4582409188214,0
13,จุนโซ พีชขาวญี่ปุ่น 180ml,99.00,https://encrypted-tbn0.gstatic.com/images?q=tbn:ANd9GcRLtk1g9XnWvOw7xEXQkQk6pRvDjN-HeRShAdLaK1yR_w&s=10,https://shopee.co.th/-best-before-31Jul2026-%E0%B9%80%E0%B8%84%E0%B8%A3%E0%B8%B7%E0%B9%88%E0%B8%AD%E0%B8%87%E0%B8%94%E0%B8%B7%E0%B9%88%E0%B8%A1-%E0%B8%9E%E0%B8%B5%E0%B8%8A%E0%B8%82%E0%B8%B2%E0%B8%A7%E0%B8%8D%E0%B8%B5%E0%B9%88%E0%B8%9B%E0%B8%B8%E0%B9%88%E0%B8%99-Japanese-White-peach-500ml-%E0%B9%81%E0%B8%A5%E0%B8%B0-180ml-i.75203772.5191947564,0
14,พรีโบป๊อปแอปเปิ้ลไซเดอร์เวเนการ์คลาสสิคมัสแคท 330ml.,39.00,https://encrypted-tbn0.gstatic.com/images?q=tbn:ANd9GcTF2Ydytgi_3iTHkhnfLNbmAXw_-GNDEdvmvOhovUub-A&s,https://www.tops.co.th/th/prebo-pop-apple-cider-vinegar-classic-muscat-330ml-8857130224675,0
15,พรีเมียร์ ซาลูทน้ำองุ่นขาว-แดงอัดก๊าซ 750 ml.,159.00,https://encrypted-tbn0.gstatic.com/images?q=tbn:ANd9GcRj8JpvuPZc1TUsL-E6Le9IlGS5q78Q4L1qsbtOL3xgPw&s=10,https://www.tops.co.th/th/149267-750-8410635294026,0
16,อีเดน น้ำแอปเปิ้ลแดงอัดก๊าซ 275ml.,25.00,https://encrypted-tbn0.gstatic.com/images?q=tbn:ANd9GcQEMeZ_M_-LjybjO4dWVf7f1falCfenUAeHbtyuIq2aPg&s=10,https://www.lotuss.com/th/product/the-garden-eden-adam-apple-flavour-sparkling-apple-juice-275ml-75294540?srsltid=AfmBOorWbfdUGlwGvgm9UjjKNGUNQdS_-73PWSsNVB6klfgYmEPUwORD,0
,,,,,0
ลำดับ,ชาและกาแฟ,,รูปประกอบ,ลิ้งค์,0
1,สตาร์บัค เวีย ไอซ์ คอฟฟี่ 12.8g. x 5,,https://encrypted-tbn0.gstatic.com/images?q=tbn:ANd9GcRQAhYkKdwv0Z5cwQSJIxOo5Y05DXGZz5sE7bWyDerFsQ&s=10,https://www.lazada.co.th/products/starbucks-via-sweetened-iced-coffee-usa-imported-128g-x-5-i243306398.html,0
2,ทีเทรน ชากลิ่นเลมอน 37.5 g.,60.00,https://encrypted-tbn0.gstatic.com/images?q=tbn:ANd9GcRF9DW8f3LYmVx0SRq2Kh9ahN3w6xG5eayLo_5KJvTk2A&s=10,https://www.tops.co.th/th/tea-trends-lemon-tea-25-bags-375g-9378619200038,0
3,ทีเทรน ชาคาโมมาย 37.5 g.,93.00,https://encrypted-tbn0.gstatic.com/images?q=tbn:ANd9GcQNkq4b8WC_xTaLUqmKEbSzQR9Nwsd7307axAzMwQlrIA&s,https://www.tops.co.th/th/tea-trends-camomile-tea-375g-4796005000591,0
4,โตเกียวบริว ซิคเนเจอร์ มัทฉะกรีนทั ลาเต้ 260 ml.,79.00,https://encrypted-tbn0.gstatic.com/images?q=tbn:ANd9GcRzladddkUd45HurIWuhLIU9uvtkWG_joo5quhnMyXGXw&s,https://shopee.co.th/%E0%B9%82%E0%B8%95%E0%B9%80%E0%B8%81%E0%B8%B5%E0%B8%A2%E0%B8%A7%E0%B8%9A%E0%B8%A3%E0%B8%B4%E0%B8%A7-%E0%B8%A1%E0%B8%B1%E0%B8%97%E0%B8%89%E0%B8%B0-%E0%B8%A5%E0%B8%B2%E0%B9%80%E0%B8%95%E0%B9%89-%E0%B8%82%E0%B8%99%E0%B8%B2%E0%B8%94-260-%E0%B8%A1%E0%B8%A5.-Tokyo-Brew-Matcha-Latte-260-ml-i.656329629.40728827416,0
5,โตเกียวบริวลาเต้โรสเต็สอาราบิกาคอฟฟี่ 275 ml.,40.00,https://encrypted-tbn0.gstatic.com/images?q=tbn:ANd9GcSNfXhusWBSDh9C9SN4Pa9ton_nhmdOXUV3H0hnrpjR5w&s=10,https://www.tops.co.th/th/tokyo-brew-latte-roasted-arabica-coffee-275ml-8859237200354,0
6,โตเกียว บริว ชาไทย 260 ml.,40.00,https://encrypted-tbn0.gstatic.com/images?q=tbn:ANd9GcQHwuyTST6JR5-u-wYANQ987hUJXddKHDDUlnOJvs7kWPTvptLyK1EluAgE&s,https://shopping.lotuss.com/th/smartx/product/75733146,0
7,ยูซีซี กาแฟดริปเฮาส์เบลนด์ 45 g.,86.00,https://encrypted-tbn0.gstatic.com/images?q=tbn:ANd9GcQEC0xoYZ4I_tjE72mpwFUO-_CAdoxqFgWy-Un2UW50Xg&s,https://www.tops.co.th/th/ucc-roasted-master-house-blend-drip-coffee-45g-8859449800175,0
8,ยูซีซี กาแฟดริปอาราบิก้า 45 g.,84.00,https://encrypted-tbn0.gstatic.com/images?q=tbn:ANd9GcQCIdmX5cmtyRgyOhHwo5wHA-_h57c0QZOZjW6XTNQRWQ&s=10,https://www.tops.co.th/th/ucc-roasted-master-cafe-arabica-drip-coffee-45g-8859449800182,0
9,ยูซีซีมัทฉะลาเต้ชาปรุงสำเร็จชนิดผง 150 g.,135.00,https://encrypted-tbn0.gstatic.com/images?q=tbn:ANd9GcQMrPbGNfKxUNJNgUNVFn-jA2g2_J5QyCM9GoR_DRUSwA&s,https://www.tops.co.th/th/ucc-matcha-latte-instant-coffee-10-stick-150g-9555366306033,0
10,ยูซีซี เดอะเบลนด์ กาแฟสำเร็จรูป 114 90g.,299.00,https://encrypted-tbn0.gstatic.com/images?q=tbn:ANd9GcQymUuJbxVfY1OouqZyEYPL6CGp5Vi21rHIcWaedrOCPg&s=10,https://uccthailand.com/en/product/ucc-the-blend-114-instant-coffee-90-g-2/,0
11,คุคุริน โฮจิฉะ น้ำเขียวคั่ว รสธรรมชาติ 500 ml,28.00,https://encrypted-tbn0.gstatic.com/images?q=tbn:ANd9GcRKwIFQApqTCmfzQJp7ugIf1XN3hLE7ylb1o341iEtC5Q&s=10,https://www.tops.co.th/th/kukurin-hojicha-roasted-green-tea-natural-flavour-500ml-8859220400655,0
12,สุวิรุฬห์ ชาอู่หลงมะลิ 60 g.,131.00,https://encrypted-tbn0.gstatic.com/images?q=tbn:ANd9GcT0rysvQPN2QfYRmuUo4e9Qr3nf6hNuSFklNuOMOweWVHQqGHChJlYUhYe0&s,https://shopee.co.th/Tinny-%E0%B8%8A%E0%B8%B2%E0%B8%AD%E0%B8%B9%E0%B8%AB%E0%B8%A5%E0%B8%87%E0%B8%A1%E0%B8%B0%E0%B8%A5%E0%B8%B4-%E0%B8%82%E0%B8%99%E0%B8%B2%E0%B8%94-60-%E0%B8%81%E0%B8%A3%E0%B8%B1%E0%B8%A1-%E0%B8%AA%E0%B8%B8%E0%B8%A7%E0%B8%B4%E0%B8%A3%E0%B8%B8%E0%B8%AC%E0%B8%AB%E0%B9%8C-%E0%B8%8A%E0%B8%B2%E0%B9%84%E0%B8%97%E0%B8%A2-Suwirun-Tea-i.274944631.6139531317,0
13,บลูคอฟ กาแฟดริป มีเดียมโรสท์ 50 g.,115,https://encrypted-tbn0.gstatic.com/images?q=tbn:ANd9GcSp6SPi8o0FAQgCAejfW_IB5TgUNhTVxl70IKM1L0v4nQ&s=10,https://www.bluekoff.com/thai-drip-bag-thai-drip-bag-drip-bag/thai-drip-coffee-medium-roast-(%E0%B8%84%E0%B8%B1%E0%B9%88%E0%B8%A7%E0%B8%81%E0%B8%A5%E0%B8%B2%E0%B8%87),0
14,แดวิดอฟฟ์ ไฟน์ อโรม่า กาแฟสำเร็จรูป 100 g.,320.00,https://encrypted-tbn0.gstatic.com/images?q=tbn:ANd9GcStahLkK9ctPj-8GYPo2klouQJjkn5agoAJMFK3KNDJRg&s,https://www.tops.co.th/th/davidoff-fine-aroma-coffee-100g-4006067084300,0
15,ฮูเซกิ มัทฉะลาเต้ออริจินัล 120 g.,68.00,https://encrypted-tbn0.gstatic.com/images?q=tbn:ANd9GcQXDTJyWt0X8bLeU3jS4VXpXye_0WZgL4RdPysBRPcZ8A&s=10,https://www.lotuss.com/th/product/51945215?srsltid=AfmBOooD4Nkuyaikat0BnBDZEAFNCA2ww2mZlnje1AKsLLKjp-pZbQZ6,0
16,คาเฟ่อเมซอน ช็อกโกแลตมอลต์ปรุงสำเร็จชนิดผง 150 g.,98.00,https://encrypted-tbn0.gstatic.com/images?q=tbn:ANd9GcT29HMEzJzt_sBJXkqr7r5E0j4yzJ98fwDaihcyWcM9hA&s=10,https://shopee.co.th/Caf%C3%A9-Amazon-%E0%B8%84%E0%B8%B2%E0%B9%80%E0%B8%9F%E0%B9%88-%E0%B8%AD%E0%B9%80%E0%B8%A1%E0%B8%8B%E0%B8%AD%E0%B8%99-%E0%B9%80%E0%B8%84%E0%B8%A3%E0%B8%B7%E0%B9%88%E0%B8%AD%E0%B8%87%E0%B8%94%E0%B8%B7%E0%B9%88%E0%B8%A1%E0%B8%8A%E0%B9%87%E0%B8%AD%E0%B8%81%E0%B9%82%E0%B8%81%E0%B9%81%E0%B8%A5%E0%B8%95%E0%B8%A1%E0%B8%AD%E0%B8%A5%E0%B8%95%E0%B9%8C%E0%B8%9B%E0%B8%A3%E0%B8%B8%E0%B8%87%E0%B8%AA%E0%B8%B3%E0%B9%80%E0%B8%A3%E0%B9%87%E0%B8%88%E0%B8%8A%E0%B8%99%E0%B8%B4%E0%B8%94%E0%B8%9C%E0%B8%87-%E0%B8%A3%E0%B8%AA%E0%B8%84%E0%B8%A5%E0%B8%B2%E0%B8%AA%E0%B8%AA%E0%B8%B4%E0%B8%84%E0%B8%8A%E0%B9%87%E0%B8%AD%E0%B8%81-1-%E0%B8%81%E0%B8%A5%E0%B9%88%E0%B8%AD%E0%B8%87-%E0%B8%9A%E0%B8%A3%E0%B8%A3%E0%B8%88%E0%B8%B8-5-%E0%B8%8B%E0%B8%AD%E0%B8%87-(30g.-%E0%B8%8B%E0%B8%AD%E0%B8%87)-i.205474805.17638315218,0
17,ยูซีซี โตเกียวคัปป้า กาแฟลาเต้ 250 ml.,35.00,https://encrypted-tbn0.gstatic.com/images?q=tbn:ANd9GcS-ojrE10pK6tzS-UjZu2JFWLqzwe8eYaQZKNGFrYmGxQ&s=10,https://www.lotuss.com/th/product/ucc-tokyo-cuppa-rtd-coffee-latte-250-ml-51429775?srsltid=AfmBOor8udv04yeplUG04GsXOjmq2NbktVDS2RZgPGeSGVPvRXuc96uH,0
18,ยูซีซี โชกุนิน ริช เฟลเวอร์ กาแฟสำเร็จรูป 90 g.,229.00,https://encrypted-tbn0.gstatic.com/images?q=tbn:ANd9GcTK8yJIo5NgpFb4uSIhmoC2TjeMsRcMjPxJUu0tZ7mgxw&s,https://www.tops.co.th/th/ucc-shokunin-rich-flavor-instant-coffee-90g-4901201103964,0
19,ทไวนิงส์ ชาอิงลิชเบรกฟาสต์ 20 g.,30,https://encrypted-tbn0.gstatic.com/images?q=tbn:ANd9GcQCtai7dUsjghybbIxmaUAY8yhuQ6-CluAFrBmAx89nyw&s,https://shopee.co.th/%E0%B8%97%E0%B9%84%E0%B8%A7%E0%B8%99%E0%B8%B4%E0%B8%87%E0%B8%AA%E0%B9%8C-%E0%B8%8A%E0%B8%B2%E0%B8%AD%E0%B8%B4%E0%B8%87%E0%B8%A5%E0%B8%B4%E0%B8%8A%E0%B9%80%E0%B8%9A%E0%B8%A3%E0%B8%81%E0%B8%9F%E0%B8%B2%E0%B8%AA%E0%B8%95%E0%B9%8C-50%E0%B8%81%E0%B8%A3%E0%B8%B1%E0%B8%A1-Twinings-English-Breakfast-Tea-50g.-i.708759004.41422643300,0
20,ทไวนิงส์อิงลิชเบรกฟาสต์ ชนิดซอง 10 ซอง,149.00,https://encrypted-tbn0.gstatic.com/images?q=tbn:ANd9GcRheW8uN_wPDeE3j50ateqR7nWZErBTayR5mcltNFDwmw&s=10,https://www.tops.co.th/th/twinings-english-breakfast-tea-2g-pack-10-0070177174958,0
21,ยูซีซี เดอะเบลน สติ๊ก 114 20 g.,85.00,https://encrypted-tbn0.gstatic.com/images?q=tbn:ANd9GcQMiQ-X_4SaTV7igORPRtVXp3P2CT2uoXKPhQ6UWk0TPg&s,https://www.bigc.co.th/product/ucc-the-blend-stick-114-instant-coffee-20-g-10-sticks.1119479?srsltid=AfmBOorpk59ODFRWFzWiRw1PBAkBfSgd22RT761Cp9G6LEKOAxSCqaI1,0
22,แวนฮูเต็น เครื่องดื่มช็อกโกแลตนม 140 g.,79.00,https://encrypted-tbn0.gstatic.com/images?q=tbn:ANd9GcTFUOC17_sSbgLVlnA4LKr0SOQNkGgxTnBC7uLp2D-wDQ&s=10,https://www.bigc.co.th/product/van-houten-milk-chocolate-drink-140g.91675?srsltid=AfmBOorJiBPzlmYvHrayRP0-U4-Z7uSuCaQhed5Fb7K5GOOS-MsIKfOV,0
23,บลูคอฟ กาแฟดริป มีเดียมโรสท์ 50 g.,115,https://encrypted-tbn0.gstatic.com/images?q=tbn:ANd9GcSp6SPi8o0FAQgCAejfW_IB5TgUNhTVxl70IKM1L0v4nQ&s=10,https://www.bluekoff.com/thai-drip-bag-thai-drip-bag-drip-bag/thai-drip-coffee-medium-roast-(%E0%B8%84%E0%B8%B1%E0%B9%88%E0%B8%A7%E0%B8%81%E0%B8%A5%E0%B8%B2%E0%B8%87),0
24,โกโก้ดัทช์ เครื่องดื่มโกโก้ชนิดผง 180 g.,199.00,https://encrypted-tbn0.gstatic.com/images?q=tbn:ANd9GcRAFPBhOEiRKxJh4ptExBSLR9zHU1cCREpW3s6zVpTXFA&s=10,https://www.tops.co.th/th/cocoa-dutch-powder-dark-180g-8850639012118,0
25,เนสกาแฟโกล์ด ริชอโรมาแอนสมูธเทส 100 g.,499,https://encrypted-tbn0.gstatic.com/images?q=tbn:ANd9GcR8Nvg4qwFiUGLz2qaNwgyyfvm3yQ9NzRn-Gt3VHpMqrQ&s,https://shopee.co.th/search?keyword=%E0%B9%80%E0%B8%99%E0%B8%AA%E0%B8%81%E0%B8%B2%E0%B9%81%E0%B8%9F%E0%B9%82%E0%B8%81%E0%B8%A5%E0%B8%94%E0%B9%8C%20rich%20and%20smooth,0
26,แวนฮูเต็นมิลค์ช็อกโกแลตดริ้งค์ 140 g.,79.00,https://encrypted-tbn0.gstatic.com/images?q=tbn:ANd9GcRkcmScUTkALp3s0LQPDkuWu-1puytiXLC_GTlbhyKf1A&s,https://www.bigc.co.th/product/van-houten-milk-chocolate-drink-140g.91675?srsltid=AfmBOorzdXKV6s0FubgdwA3ypRGNrOff4q3lNQbaZWbIFcSUJ6TQOksS,0
27,แวน ฮูเต็น โกโก้ผง 100g.,85.00,https://encrypted-tbn0.gstatic.com/images?q=tbn:ANd9GcRLxkjqCZvAUJZSVcLjJVhOWoP01GD1LE_hTGPbCF0l2Q&s=10,https://www.tops.co.th/th/van-houten-cocoa-powder-100g-6942836706128,0
28,บอน อโรมา โกลด์ 100g.,179.00,https://encrypted-tbn0.gstatic.com/images?q=tbn:ANd9GcQ5E_KM-dzvINg1d0QgxQhBzoL_O8whJVOLaNr1AU1ji8cWVVDVh6yPcXNO&s,https://www.lotuss.com/th/product/bon-aroma-gold-freeze-dried-instant-coffee-100g-75086999?srsltid=AfmBOoqVjAo5ZbR4P8ppkx-AQzQvU-9B1iynIGOBJUFvh3_KAmrZ_WPO,0
,,,,,0
ลำดับ,ดอยตุง ดอยคำ,100,รูปประกอบ,ลิ้งค์,0
1,โครงการหลวง ชาอู่หลง 6 กรัม,380,https://encrypted-tbn0.gstatic.com/images?q=tbn:ANd9GcTtho-yGlcPkkDcfAyJkRGLdvjL96Y-w8kNHvEX3d_TTaTFIqvFPwpUWCX_&s,https://www.facebook.com/ROYALPROJECTFOUNDATION/posts/%E0%B8%A1%E0%B8%B2%E0%B8%A3%E0%B8%B9%E0%B9%89%E0%B8%88%E0%B8%B1%E0%B8%81%E0%B8%81%E0%B8%B1%E0%B8%9A-%E0%B8%8A%E0%B8%B2-%E0%B9%82%E0%B8%84%E0%B8%A3%E0%B8%87%E0%B8%81%E0%B8%B2%E0%B8%A3%E0%B8%AB%E0%B8%A5%E0%B8%A7%E0%B8%87%E0%B8%81%E0%B8%B1%E0%B8%99%E0%B9%80%E0%B8%96%E0%B8%AD%E0%B8%B0%E0%B9%82%E0%B8%84%E0%B8%A3%E0%B8%87%E0%B8%81%E0%B8%B2%E0%B8%A3%E0%B8%AB%E0%B8%A5%E0%B8%A7%E0%B8%87%E0%B9%84%E0%B8%94%E0%B9%89%E0%B8%AA%E0%B9%88%E0%B8%87%E0%B9%80%E0%B8%AA%E0%B8%A3%E0%B8%B4%E0%B8%A1%E0%B9%83%E0%B8%AB%E0%B9%89%E0%B9%80%E0%B8%81%E0%B8%A9%E0%B8%95%E0%B8%A3%E0%B8%81%E0%B8%A3%E0%B8%9B%E0%B8%A5%E0%B8%B9%E0%B8%81%E0%B8%8A%E0%B8%B2%E0%B8%9E%E0%B8%B1%E0%B8%99%E0%B8%98%E0%B8%B8%E0%B9%8C%E0%B8%94%E0%B8%B5-/919887443518142/?locale=th_TH,0
2,ดอยตุง เมล็ดกาแฟคั่ว เคลือบช็อกโกแลตเข้มข้น 40 g.,65.00,https://encrypted-tbn0.gstatic.com/images?q=tbn:ANd9GcShvFGpFuzYHRcQ2zQ9ejA7tnDpmem5m31RyGPMrDcHxQ&s=10,https://gourmetmarketthailand.com/doitung_coffee_beanchoc40_8855263003204?srsltid=AfmBOoqPPwdIHmf8e95-d5gl-iW2hecfb05zZuOxpRNyFNqnt1ktjBZW,0
3,ดอยตุง ลาเต้เบลนด์คอฟฟี่ 260 ml.,69.00,https://encrypted-tbn0.gstatic.com/images?q=tbn:ANd9GcQ_h-TmUxeZ7wSlRj0DjNlgxpdQdxey-oEgI2pEBsSe5Q&s,https://www.tops.co.th/th/doitung-latte-blend-coffee-260ml-4515996939822,0
4,ดอยคำ น้ำว่านหางจระเข้ผสมน้ำผึ้งมะนาว 250 ml.,48.00,https://encrypted-tbn0.gstatic.com/images?q=tbn:ANd9GcQSF3WL2Tp_Fw-HA2v4ClKPQYgQjujW_uufCSSgeaKMtw&s=10,https://www.doikham.co.th/product/aloe-vera-in-honey-and-lime-drink-250-ml/,0
5,ดอยคำ กัมมี่มะม่วง 70 g.,35.00,https://encrypted-tbn0.gstatic.com/images?q=tbn:ANd9GcRqL6UIN8l0NessEXTazBtMDLPTGAlMC_MvShVdbtiz5LT0LcxQLEG9p8a5&s,https://www.doikham.co.th/product/mango-gummy-doi-kham-brand/,0
6,ดอยคำ น้ำเก็กฮวยสูตรโบราณ 500 ml.,32.00,https://encrypted-tbn0.gstatic.com/images?q=tbn:ANd9GcQ2El8TGaN8-5H6_S9bIagThlMDVzag244aUmcjvBPfBA&s,https://www.lotuss.com/th/product/doi-kham-traditional-chrysanthemum-herbal-drink-500ml-51429078?srsltid=AfmBOop5SpVYqJggTmbFSHALkEbXHfCaYCk-biRD90Av8Lvx2jTt1Ajs,0
7,ดอยคำ น้ำเห็ดหลินจือน้ำผึ้งมะนาวสกัดเข้มข้น 45 ml.,135.00,https://encrypted-tbn0.gstatic.com/images?q=tbn:ANd9GcTJgcNaDX0e_Q0ODhbiI7shR4obrKbE6XwWKQNlXvO99g&s=10,https://www.doikham.co.th/product/ganoderma-extract-with-honey-lime-45-ml/,0
8,ดอยคำ น้ำฟักเขียว 500 ml.,32.00,https://encrypted-tbn0.gstatic.com/images?q=tbn:ANd9GcQNo6MMSdmRmv5IO5MrYX-U3pKBR-GiZ_pdOLrnh-R6YqjoQZ5jnL7Lz8L1&s,https://www.doikham.co.th/product/winter-melon-drink-tasty-formular/,0
9,ดอยคำ นมถั่วเหลือง 100% 400 g.,85.00,https://encrypted-tbn0.gstatic.com/images?q=tbn:ANd9GcRqBdTI_yBe0S6c93Kj1afyQtDNUOUA6iUMAe9ryF0aDg&s=10,https://www.bigc.co.th/product/doikham-100-soy-milk-400-g.37894?srsltid=AfmBOorc96xn92jwAMugKlqOry1-pMK4MFYREYn8A9MgMuOf-mOk4MgJ,0
10,ดอยคำ มัลเบอร์รี่ 3 รส 100 g.,25,https://encrypted-tbn0.gstatic.com/images?q=tbn:ANd9GcSJCi5uJgCdeYtCZ6ir7iJKrh4DOwIdTWQ9Tw_-pIyPvg&s=10,https://www.doikham.co.th/product/chewy-tasty-mulberry/,0
11,ดอยตุง แมคคาเดเมีย นัท รสธรรมชาติ 50 g.,190.00,https://encrypted-tbn0.gstatic.com/images?q=tbn:ANd9GcSi-VBvO6ez3TY_9W-vQwBqd9O0vPtuUQTGVULrLoG24A&s=10,https://www.allonline.7eleven.co.th/p/%E0%B8%94%E0%B8%AD%E0%B8%A2%E0%B8%95%E0%B8%B8%E0%B8%87-%E0%B9%81%E0%B8%A1%E0%B8%84%E0%B8%84%E0%B8%B2%E0%B9%80%E0%B8%94%E0%B9%80%E0%B8%A1%E0%B8%B5%E0%B8%A2-%E0%B8%99%E0%B8%B1%E0%B8%97-%E0%B8%A3%E0%B8%AA%E0%B8%98%E0%B8%A3%E0%B8%A3%E0%B8%A1%E0%B8%8A%E0%B8%B2%E0%B8%95%E0%B8%B4-50-%E0%B8%81%E0%B8%A3%E0%B8%B1%E0%B8%A1/480948/?srsltid=AfmBOop-ChJbu3E9TYp6Vg4sa2JGCE5XONHqxflWC5jGIwkilEX0EtBH,0
12,ดอยตุง คุกกี้แมคคาเดเมียรสธรรมชาติ 120 g.,95.00,https://encrypted-tbn0.gstatic.com/images?q=tbn:ANd9GcQy8g1OqJorg8b3WjQcOqGBj97_a4dj88rFIFbau5UrDw&s=10,https://www.lotuss.com/th/product/doitung-chocolate-macadamia-nut-cookies-120g-70955883?srsltid=AfmBOooJQhQKh9Q8Z9jK7HcQIcSWLn3XSHjILwq_OcuXEK5q6-popAW1,0
13,ดอยคำ ตะไคร้ผงสำเร็จรูป สูตรน้ำตาลน้อยกว่า,85.00,https://encrypted-tbn0.gstatic.com/images?q=tbn:ANd9GcRoyng_nlQp2l-0szW5QLMzFe5XLSuGleYNyfoGOMH9vBA96aLo4f8x46KL&s,https://www.doikham.co.th/product/instant-lemon-grass-drink-low-sugar/,0
14,สวนจิตรลดา คุกกี้รสนมและรสกาแฟ 150 g.,250,https://encrypted-tbn0.gstatic.com/images?q=tbn:ANd9GcR6pynPhTEOCXwCqWc3gRt45_imRigpqURBSnToCEXejw&s=10,https://www.royalchitraladaprojects.org/product-category/butter-cookies,0
15,ดอยคำ ขิงอบแห้ง 3 รส 100 g.,75.00,https://encrypted-tbn0.gstatic.com/images?q=tbn:ANd9GcRKx7YWG9e0SrWLwNGRYVVhVjLkntTva3oBJt54BARSP9ml5eE2KEVENdvl&s,https://shopee.co.th/product/847079310/54260774121?gads_t_sig=gqRjZGVrxHCFomtpsTE0MjUxOnRzc19zZGtfa2V5omt20QABpGFsZ2_SAAAAZKNkZWvAomN0xEAAAAAMRoz0ZUjQw0QlRa--FjB0AKnHQPF7xv4DyGj9-GQwqn4zSdB6gztmw7ebmtsZs9FPJxlVqctc57WUE3IRqmNpcGhlcnRleHTEcQAAAAw0UvHdmyddw42uwVkT7rJv2YxgDT8n2tWTlzff_g0qsJEfY7EMKfZRM7sl6ZBHhSKS55XSGZq-xHt9_-RDhMY7RqhrlWIPfhXh1afqikO_jPd_C5KjmGIvKR6aZcNHlO8zTXXmzKDvmNBPnE9j,0
16,ดอยคำ ขิงอบแห้ง 3 รส 100 g.,75.00,https://encrypted-tbn0.gstatic.com/images?q=tbn:ANd9GcRKx7YWG9e0SrWLwNGRYVVhVjLkntTva3oBJt54BARSP9ml5eE2KEVENdvl&s,https://shopee.co.th/product/847079310/54260774121?gads_t_sig=gqRjZGVrxHCFomtpsTE0MjUxOnRzc19zZGtfa2V5omt20QABpGFsZ2_SAAAAZKNkZWvAomN0xEAAAAAMRoz0ZUjQw0QlRa--FjB0AKnHQPF7xv4DyGj9-GQwqn4zSdB6gztmw7ebmtsZs9FPJxlVqctc57WUE3IRqmNpcGhlcnRleHTEcQAAAAw0UvHdmyddw42uwVkT7rJv2YxgDT8n2tWTlzff_g0qsJEfY7EMKfZRM7sl6ZBHhSKS55XSGZq-xHt9_-RDhMY7RqhrlWIPfhXh1afqikO_jPd_C5KjmGIvKR6aZcNHlO8zTXXmzKDvmNBPnE9j,0
17,สวนจิตรลดา คุกกี้รสเนย 150 g.,119.00,https://encrypted-tbn0.gstatic.com/images?q=tbn:ANd9GcT-SmzcFrOE4h8G_bEgaWN4Lbbcgsmj2NW9-PwpwLvez6V_1TZRuDZbFsGb&s,https://shopee.co.th/%E0%B8%84%E0%B8%B8%E0%B8%81%E0%B8%81%E0%B8%B5%E0%B9%89%E0%B9%80%E0%B8%99%E0%B8%A2-%E0%B8%88%E0%B8%B4%E0%B8%95%E0%B8%A3%E0%B8%A5%E0%B8%94%E0%B8%B2-150-%E0%B8%81%E0%B8%A3%E0%B8%B1%E0%B8%A1-i.687522725.16908867874,0
18,โครงการหลวง ถั่วแดงหลวง 500 g.,50.00,https://encrypted-tbn0.gstatic.com/images?q=tbn:ANd9GcSMA7pbFg6l1s2jO6iGUzrW2cTEKnbOq3c3ECJlxMYJtye2SI4KkuCij0zR&s,https://shopee.co.th/%E0%B9%82%E0%B8%84%E0%B8%A3%E0%B8%87%E0%B8%81%E0%B8%B2%E0%B8%A3%E0%B8%AB%E0%B8%A5%E0%B8%A7%E0%B8%87-%E0%B8%96%E0%B8%B1%E0%B9%88%E0%B8%A7%E0%B9%81%E0%B8%94%E0%B8%87%E0%B8%AB%E0%B8%A5%E0%B8%A7%E0%B8%87-%E0%B9%81%E0%B8%9E%E0%B9%87%E0%B8%84%E0%B8%96%E0%B8%B8%E0%B8%87-500-%E0%B8%81%E0%B8%A3%E0%B8%B1%E0%B8%A1-i.178227848.7008427699,0
19,ดอยคำ มะนาวทาขนมปัง 220 g.,70.00,https://encrypted-tbn0.gstatic.com/images?q=tbn:ANd9GcTQ_OkTQMmWBN9a9LBUU7-lJsTWjj9tgiYT5e3ifMaTBg&s=10,https://www.doikham.co.th/product/lime-spread-220-g/,0
20,สวนจิตรลดา โจ๊กลูกชิ้นไก่ 340 g.,35.00,https://encrypted-tbn0.gstatic.com/images?q=tbn:ANd9GcQRBaSrGbdTGJgEgQ7aB2E290b2KnqkIV06Qo3bjPMpOx_LClKWOZGW2mNt&s,https://www.lotuss.com/th/product/52350871?srsltid=AfmBOorEOOjLwoix6BpBeJxrFnkb3hGaB--3QEryUsLnXWtprfOMow8h,0
21,ดอยคำ นมปรุงแต่งอัดเม็ด รสโกโก้มอลต์ 20 g.,18.00,https://encrypted-tbn0.gstatic.com/images?q=tbn:ANd9GcQI1RqiFMzU2vkDtqZFIusLifciEppRq2wFrssXdL61hw&s=10,https://www.doikham.co.th/product/cocoa-malt-flavored-milk-tablet/,0
22,ดอยคำ นมปรุงแต่งอัดเม็ด รสนม 20 g.,18.00,https://encrypted-tbn0.gstatic.com/images?q=tbn:ANd9GcQ_WOzuG4g58I1A2c0e4cEJ54hh0YbPgc8saCwdK2j3_w&s=10,https://www.doikham.co.th/product/milk-tablet/,0
23,สวนจิตรลด โจ๊กลูกชิ้นไก่ 340 g.,35.00,https://encrypted-tbn0.gstatic.com/images?q=tbn:ANd9GcRH0ZkbTlu-1_oU5d6uNun5xiOaHppncG0tnMUOwLyQjw&s=10,https://www.lotuss.com/th/product/52350871?srsltid=AfmBOoq91N_TYlXmaPM7YRW5v5r6AqL4r9rgZSzl6ettP6_SvC5XU8e9,0
,,,,,0
ลำดับ,S&P,,รูปประกอบ,ลิ้งค์,0
1,S&P ฟรุตพายสับปะรด 96 g.,58,https://encrypted-tbn0.gstatic.com/images?q=tbn:ANd9GcQLWNLyDmfNfPyz6Gz4j6OwDIxXL-M8NwZnwnAcYaiZa_zcetgPU3fCh1ba&s,https://www.snp1344.com/th/food/34596?srsltid=AfmBOoqlDBWsZfl8ysEJTMb-4JPty0yhH4noZrG0yp8j5Fd2AwIY3ggt,0
2,S&P คุกกี้รสม็อคค่าผสมไวท์ช็อกฯชิพ 85g.,68,https://encrypted-tbn0.gstatic.com/images?q=tbn:ANd9GcSQPjRYXbUfO8dl8Pf1CanmN5Wc3JpWV2izcEy-9-KJog&s=10,https://www.snp1344.com/th/food/30216?srsltid=AfmBOoqWftE9Y6rtm8AqfnQGyR0DHc0yA0ASrXjTuo4EcQVTx2ahXOge,0
